handwheelAngle,throttle,brake,vxCG,axCG,ayCG,yawRate,rollRate,pitchRate,rollAngle,pitchAngle,chassisAccelFL,chassisAccelFR,chassisAccelRL,chassisAccelRR,wheelAccelFL,wheelAccelFR,wheelAccelRL,wheelAccelRR,deflectionFL,deflectionFR,deflectionRR,sideSlip,vyCG,longitude,latitude,time
-1.8,0.7,0.0,-0.35,-0.12,0.11,0.37,-0.39,0.4,0.62,0.67,9.526,9.732,9.732,9.712,10.1,9.71,9.71,9.71,-0.001,-0.0,-0.004,0.0,0.15,-121.7540304,36.584802,1547.25
-1.7,0.7,0.0,-0.35,-0.09,0.1,-0.44,0.1,0.07,0.63,0.65,9.535,9.702,9.722,9.712,10.2,9.91,9.61,9.58,-0.001,-0.0,-0.004,0.0,0.15,-121.7540304,36.584802,1547.3
-1.7,0.7,0.0,-0.35,-0.12,0.09,-0.04,-0.05,-0.13,0.61,0.65,9.526,9.732,9.722,9.712,10.4,9.61,9.61,9.31,-0.001,-0.0,-0.004,0.0,0.15,-121.7540304,36.584802,1547.35
-1.7,0.7,0.0,-0.36,-0.1,0.09,0.15,0.2,0.18,0.6,0.64,9.516,9.712,9.741,9.712,10.3,9.71,9.81,9.71,-0.001,-0.0,-0.004,0.0,0.15,-121.7540304,36.584802,1547.4
-1.8,0.7,0.0,-0.36,-0.11,0.1,0.07,0.18,-0.17,0.59,0.63,9.555,9.722,9.741,9.712,10.1,9.81,9.61,9.61,-0.001,-0.0,-0.004,0.0,0.15,-121.7540304,36.584802,1547.45
-1.7,0.7,0.0,-0.37,-0.11,0.1,-0.09,0.32,-0.05,0.63,0.65,9.535,9.732,9.702,9.712,10.1,9.42,10.1,9.49,-0.001,-0.0,-0.004,0.0,0.15,-121.7540304,36.584802,1547.5
-1.8,0.7,0.0,-0.37,-0.11,0.1,-0.04,0.2,0.14,0.62,0.65,9.526,9.741,9.692,9.712,10.1,9.61,9.81,9.63,-0.001,-0.0,-0.004,0.0,0.16,-121.7540304,36.584802,1547.55
-1.8,0.7,0.0,-0.37,-0.11,0.11,-0.05,0.12,0.16,0.63,0.61,9.535,9.732,9.712,9.712,10.01,9.61,9.91,9.31,-0.001,-0.0,-0.004,0.0,0.16,-121.7540304,36.5848021,1547.6
-1.8,0.7,0.0,-0.38,-0.11,0.08,0.45,-0.05,0.19,0.63,0.57,9.545,9.732,9.741,9.712,10.01,9.71,9.81,9.59,-0.001,-0.0,-0.004,0.0,0.16,-121.7540304,36.5848021,1547.65
-1.8,0.7,0.0,-0.38,-0.12,0.11,0.16,0.02,0.14,0.63,0.54,9.506,9.741,9.741,9.712,10.1,9.71,9.61,9.79,-0.001,-0.0,-0.004,0.0,0.16,-121.7540304,36.5848021,1547.7
-1.8,0.7,0.0,-0.38,-0.11,0.08,0.03,-0.03,-0.02,0.63,0.5,9.496,9.712,9.741,9.712,10.4,9.52,9.81,9.46,-0.001,-0.0,-0.004,0.0,0.16,-121.7540304,36.5848021,1547.75
-1.8,0.7,0.0,-0.38,-0.13,0.09,0.24,-0.03,-0.24,0.64,0.47,9.535,9.751,9.732,9.712,9.91,9.91,9.81,9.36,-0.001,-0.0,-0.004,0.0,0.16,-121.7540304,36.5848021,1547.8
-1.8,0.7,0.0,-0.39,-0.1,0.09,-0.13,0.0,0.06,0.64,0.43,9.555,9.732,9.712,9.712,10.1,9.81,9.52,9.73,-0.001,-0.0,-0.004,0.0,0.17,-121.7540304,36.5848021,1547.85
-1.8,0.7,0.0,-0.39,-0.11,0.11,-0.13,0.11,0.17,0.64,0.39,9.555,9.712,9.712,9.712,10.1,9.91,9.61,9.74,-0.001,-0.0,-0.004,0.0,0.17,-121.7540304,36.5848021,1547.9
-1.8,0.7,0.0,-0.39,-0.11,0.08,0.51,-0.14,0.09,0.64,0.36,9.535,9.732,9.722,9.712,10.3,9.91,9.71,9.53,-0.001,-0.0,-0.004,0.0,0.17,-121.7540304,36.5848021,1547.95
-1.8,0.7,0.0,-0.39,-0.13,0.11,0.13,0.01,0.1,0.65,0.32,9.545,9.692,9.702,9.614,10.2,9.71,9.81,9.62,-0.001,-0.0,-0.004,0.0,0.17,-121.7540304,36.5848021,1548.0
-1.8,0.7,0.0,-0.4,-0.11,0.09,-0.22,0.13,-0.12,0.65,0.29,9.526,9.732,9.732,9.712,10.1,9.81,9.71,9.75,-0.001,-0.0,-0.004,0.0,0.17,-121.7540304,36.5848021,1548.05
-1.8,0.7,0.0,-0.4,-0.11,0.11,-0.01,-0.26,-0.07,0.65,0.25,9.535,9.722,9.741,9.712,10.1,9.71,9.91,9.47,-0.001,-0.0,-0.004,0.0,0.18,-121.7540304,36.5848021,1548.1
-1.8,0.7,0.0,-0.4,-0.11,0.09,-0.1,-0.04,-0.15,0.66,0.22,9.506,9.712,9.712,9.712,10.2,9.91,9.71,9.56,-0.001,-0.0,-0.004,0.0,0.18,-121.7540304,36.5848021,1548.15
-1.7,0.7,0.0,-0.41,-0.11,0.09,0.1,0.29,-0.17,0.66,0.18,9.535,9.712,9.712,9.712,10.1,9.71,9.61,9.84,-0.001,-0.0,-0.004,0.0,0.18,-121.7540304,36.5848021,1548.2
-1.8,0.7,0.0,-0.41,-0.11,0.08,0.06,0.02,-0.15,0.66,0.14,9.526,9.741,9.712,9.712,10.2,9.61,9.81,9.59,-0.001,-0.0,-0.004,0.0,0.18,-121.7540304,36.5848021,1548.25
-1.8,0.7,0.0,-0.41,-0.12,0.11,-0.1,-0.0,-0.28,0.66,0.11,9.545,9.722,9.712,9.712,10.2,9.91,9.81,9.8,-0.001,-0.0,-0.004,0.0,0.18,-121.7540304,36.5848021,1548.3
-1.8,0.7,0.0,-0.41,-0.1,0.09,0.17,-0.06,0.41,0.67,0.07,9.545,9.751,9.712,9.712,10.01,9.81,9.81,9.98,-0.001,-0.0,-0.004,0.0,0.19,-121.7540304,36.5848021,1548.35
-1.8,0.7,0.0,-0.42,-0.12,0.11,-0.14,0.15,-0.05,0.67,0.04,9.545,9.741,9.702,9.712,10.4,9.91,9.32,9.71,-0.001,-0.0,-0.004,0.0,0.19,-121.7540305,36.5848021,1548.4
-1.8,0.7,0.0,-0.42,-0.11,0.09,0.1,-0.14,-0.01,0.67,-0.0,9.526,9.741,9.732,9.712,10.1,9.81,9.81,9.49,-0.001,-0.0,-0.004,0.0,0.19,-121.7540305,36.5848021,1548.45
-1.8,0.7,0.0,-0.42,-0.1,0.1,-0.22,-0.01,-0.08,0.67,-0.04,9.506,9.741,9.732,9.712,10.1,9.52,9.91,9.75,-0.001,-0.0,-0.004,0.0,0.19,-121.7540305,36.5848021,1548.5
-1.7,0.7,0.0,-0.42,-0.11,0.11,-0.21,0.03,-0.02,0.68,-0.07,9.506,9.741,9.751,9.712,10.3,9.71,9.61,9.54,-0.001,-0.0,-0.004,0.0,0.19,-121.7540305,36.5848021,1548.55
-1.8,0.7,0.0,-0.42,-0.11,0.1,0.02,0.16,-0.03,0.68,-0.11,9.526,9.732,9.712,9.712,10.2,9.91,9.61,9.85,-0.001,-0.0,-0.004,0.0,0.19,-121.7540305,36.5848021,1548.6
-1.8,0.7,0.0,-0.43,-0.11,0.1,0.01,-0.07,-0.04,0.68,-0.14,9.535,9.722,9.722,9.712,10.01,9.71,9.71,9.71,-0.001,-0.0,-0.004,0.0,0.2,-121.7540305,36.5848021,1548.65
-1.8,0.7,0.0,-0.43,-0.11,0.1,0.34,-0.1,0.21,0.68,-0.18,9.545,9.741,9.712,9.712,10.1,9.91,9.71,9.58,-0.001,-0.0,-0.004,0.0,0.2,-121.7540305,36.5848021,1548.7
-1.8,0.7,0.0,-0.43,-0.13,0.13,0.35,-0.15,0.11,0.69,-0.22,9.555,9.751,9.722,9.712,10.1,9.61,9.81,9.46,-0.001,-0.0,-0.004,0.0,0.2,-121.7540305,36.5848021,1548.75
-1.8,0.7,0.0,-0.43,-0.1,0.1,-0.05,-0.01,0.06,0.69,-0.25,9.535,9.712,9.682,9.712,10.01,9.81,9.61,9.89,-0.001,-0.0,-0.004,0.0,0.2,-121.7540305,36.5848021,1548.8
-1.8,0.7,0.0,-0.44,-0.1,0.11,-0.23,-0.18,-0.01,0.69,-0.29,9.506,9.732,9.722,9.712,10.3,9.61,9.81,9.45,-0.001,-0.0,-0.004,0.0,0.2,-121.7540305,36.5848021,1548.85
-1.8,0.7,0.0,-0.48,-0.12,0.12,-0.37,-0.28,-0.44,0.62,0.67,9.535,9.732,9.741,9.712,10.2,9.81,9.81,9.59,-0.001,-0.0,-0.004,0.0,0.2,-121.7540305,36.5848021,1548.9
-1.7,0.7,0.0,-0.49,-0.12,0.1,-0.08,0.04,0.28,0.63,0.7,9.535,9.712,9.732,9.712,10.01,9.91,9.71,9.68,-0.001,-0.0,-0.004,0.0,0.2,-121.7540305,36.5848021,1548.95
-1.8,0.7,0.0,-0.49,-0.1,0.09,-0.13,0.14,0.26,0.63,0.72,9.545,9.732,9.741,9.712,10.3,9.91,9.61,9.68,-0.001,-0.0,-0.004,0.0,0.21,-121.7540305,36.5848021,1549.0
-1.8,0.7,0.0,-0.5,-0.11,0.08,0.31,-0.18,0.05,0.64,0.75,9.526,9.722,9.732,9.712,10.1,9.81,9.81,9.45,-0.001,-0.0,-0.004,0.0,0.21,-121.7540305,36.5848021,1549.05
-1.7,0.7,0.0,-0.5,-0.11,0.1,-0.42,0.06,0.01,0.62,0.67,9.535,9.741,9.722,9.712,10.1,9.71,9.81,9.66,-0.001,-0.0,-0.004,0.0,0.21,-121.7540305,36.5848021,1549.1
-1.7,0.7,0.0,-0.5,-0.13,0.11,0.18,0.11,0.01,0.62,0.65,9.535,9.732,9.712,9.712,10.01,9.81,9.91,9.49,-0.001,-0.0,-0.004,0.0,0.21,-121.7540305,36.5848021,1549.15
-1.8,0.7,0.0,-0.5,-0.11,0.09,-0.05,0.07,-0.08,0.63,0.65,9.545,9.732,9.702,9.712,10.1,9.81,10.01,9.5,-0.001,-0.0,-0.004,0.0,0.21,-121.7540305,36.5848021,1549.2
-1.7,0.7,0.0,-0.51,-0.12,0.12,-0.2,-0.1,-0.12,0.62,0.65,9.526,9.751,9.712,9.712,10.1,9.42,9.52,9.68,-0.001,-0.0,-0.004,0.0,0.22,-121.7540305,36.5848021,1549.25
-1.8,0.7,0.0,0.0,-0.11,0.1,0.08,-0.03,0.09,0.62,0.65,9.526,9.751,9.741,9.712,10.2,9.91,9.91,9.74,-0.001,-0.0,-0.004,0.0,-0.0,-121.7540305,36.5848021,1549.3
-1.8,0.7,0.0,-0.0,-0.11,0.08,0.1,-0.06,0.15,0.63,0.64,9.535,9.702,9.732,9.712,10.01,9.71,9.91,9.58,-0.001,-0.0,-0.004,0.0,0.0,-121.7540305,36.5848021,1549.35
-1.7,0.7,0.0,-0.0,-0.13,0.1,0.23,-0.23,0.2,0.63,0.64,9.535,9.722,9.741,9.712,10.01,9.71,9.81,9.66,-0.001,-0.0,-0.004,0.0,-0.0,-121.7540305,36.5848021,1549.4
-1.8,0.7,0.0,-0.0,-0.1,0.11,-0.07,-0.23,0.15,0.65,0.63,9.545,9.712,9.732,9.712,10.1,9.81,9.91,9.78,-0.001,-0.0,-0.004,0.0,-0.0,-121.7540305,36.584802,1549.45
-1.7,0.7,0.0,-0.0,-0.12,0.1,0.19,-0.05,-0.27,0.66,0.61,9.526,9.722,9.712,9.712,10.4,10.01,9.81,9.81,-0.001,-0.0,-0.004,0.0,-0.0,-121.7540305,36.584802,1549.5
-1.8,0.7,0.0,-0.0,-0.1,0.1,-0.12,-0.48,0.08,0.62,0.65,9.535,9.722,9.712,9.712,10.01,9.81,9.91,9.58,-0.001,-0.0,-0.004,0.0,-0.0,-121.7540305,36.584802,1549.55
-1.8,0.7,0.0,0.0,-0.12,0.12,-0.28,0.01,0.4,0.59,0.65,9.565,9.751,9.712,9.712,10.2,10.01,10.1,9.83,-0.001,-0.0,-0.004,0.0,-0.0,-121.7540305,36.584802,1549.6
-1.7,0.7,0.0,-0.0,-0.12,0.09,-0.3,-0.07,-0.07,0.57,0.66,9.535,9.732,9.692,9.712,10.01,9.61,9.61,9.63,-0.001,-0.0,-0.004,0.0,-0.0,-121.7540305,36.584802,1549.65
-1.7,0.7,0.0,-0.0,-0.1,0.1,0.13,-0.14,0.02,0.55,0.66,9.535,9.732,9.722,9.712,10.3,9.81,10.01,9.42,-0.001,-0.0,-0.004,0.0,-0.0,-121.7540305,36.584802,1549.7
-1.8,0.7,0.0,-0.0,-0.12,0.09,0.05,-0.08,0.42,0.62,0.65,9.526,9.741,9.751,9.712,10.2,9.61,9.91,9.75,-0.001,-0.0,-0.004,0.0,-0.0,-121.7540305,36.584802,1549.75
-1.8,0.7,0.0,-0.0,-0.12,0.1,-0.09,0.23,-0.2,0.64,0.65,9.535,9.712,9.722,9.712,10.2,9.61,9.52,9.69,-0.001,-0.0,-0.004,0.0,-0.0,-121.7540304,36.584802,1549.8
-1.7,0.7,0.0,-0.0,-0.11,0.1,0.13,-0.23,-0.01,0.62,0.65,9.545,9.732,9.741,9.712,10.4,9.61,9.61,9.63,-0.001,-0.0,-0.004,0.0,-0.0,-121.7540304,36.584802,1549.85
-1.8,0.7,0.0,-0.0,-0.09,0.1,-0.22,0.35,0.13,0.64,0.65,9.535,9.741,9.702,9.712,10.1,9.71,9.91,9.52,-0.001,-0.0,-0.004,0.0,-0.0,-121.7540304,36.584802,1549.9
-1.8,0.7,0.0,-0.0,-0.11,0.1,-0.12,-0.28,-0.03,0.62,0.65,9.535,9.732,9.702,9.712,10.2,9.71,9.81,9.55,-0.001,-0.0,-0.004,0.0,-0.01,-121.7540304,36.584802,1549.95
-1.8,0.7,0.0,-0.0,-0.12,0.11,0.18,0.01,-0.13,0.64,0.65,9.535,9.702,9.722,9.712,10.3,9.52,9.61,9.68,-0.001,-0.0,-0.004,0.0,-0.0,-121.7540304,36.584802,1550.0
-1.8,0.7,0.0,-0.0,-0.11,0.09,0.24,-0.1,-0.12,0.64,0.66,9.545,9.722,9.702,9.712,10.2,9.61,9.81,9.6,-0.001,-0.0,-0.004,0.0,-0.0,-121.7540304,36.584802,1550.05
-1.8,0.7,0.0,-0.0,-0.12,0.11,0.07,-0.15,-0.08,0.66,0.66,9.545,9.741,9.732,9.712,10.1,9.71,9.81,9.62,-0.001,-0.0,-0.004,0.0,-0.01,-121.7540304,36.584802,1550.1
-1.7,0.7,0.0,-0.0,-0.11,0.11,-0.16,0.04,0.21,0.67,0.67,9.526,9.732,9.732,9.712,10.2,9.81,10.1,9.67,-0.001,-0.0,-0.004,0.0,-0.01,-121.7540304,36.584802,1550.15
-1.7,0.7,0.0,-0.0,-0.09,0.09,-0.2,0.23,-0.07,0.68,0.67,9.506,9.741,9.712,9.712,10.2,9.52,9.61,9.71,-0.001,-0.0,-0.004,0.0,-0.01,-121.7540304,36.5848019,1550.2
-1.8,0.7,0.0,-0.0,-0.12,0.11,0.31,0.05,0.02,0.7,0.68,9.526,9.732,9.732,9.614,10.1,9.71,9.91,9.77,-0.001,-0.0,-0.004,0.0,-0.01,-121.7540304,36.5848019,1550.25
-1.8,0.7,0.0,-0.01,-0.12,0.08,0.27,-0.1,-0.46,0.63,0.64,9.526,9.702,9.732,9.712,10.3,9.71,9.61,9.83,-0.001,-0.0,-0.004,0.0,-0.0,-121.7540304,36.5848019,1550.3
-1.8,0.7,0.0,-0.01,-0.11,0.09,-0.15,-0.12,0.01,0.63,0.65,9.545,9.741,9.722,9.712,10.01,9.61,9.81,9.65,-0.001,-0.0,-0.004,0.0,-0.0,-121.7540304,36.5848019,1550.35
-1.8,0.7,0.0,-0.01,-0.11,0.09,-0.13,0.16,-0.2,0.63,0.64,9.545,9.741,9.712,9.712,9.81,9.61,9.91,9.47,-0.001,-0.0,-0.004,0.0,-0.01,-121.7540304,36.5848019,1550.4
-1.7,0.7,0.0,-0.01,-0.12,0.1,0.14,0.22,-0.25,0.64,0.64,9.535,9.722,9.702,9.712,10.2,9.81,9.81,9.55,-0.001,-0.0,-0.004,0.0,-0.01,-121.7540304,36.5848019,1550.45
-1.8,0.7,0.0,-0.01,-0.1,0.11,-0.16,-0.02,0.02,0.64,0.63,9.526,9.712,9.712,9.712,10.1,9.52,9.52,9.58,-0.001,-0.0,-0.004,0.0,-0.01,-121.7540304,36.5848019,1550.5
-1.8,0.7,0.0,-0.01,-0.12,0.1,0.37,-0.04,0.26,0.63,0.63,9.545,9.732,9.741,9.712,10.3,9.61,9.52,9.57,-0.001,-0.0,-0.004,0.0,-0.01,-121.7540304,36.5848019,1550.55
-1.8,0.7,0.0,-0.01,-0.11,0.09,-0.2,0.03,-0.04,0.64,0.64,9.516,9.732,9.722,9.712,10.01,9.71,9.81,9.74,-0.001,-0.0,-0.004,0.0,-0.01,-121.7540304,36.5848019,1550.6
-1.8,0.7,0.0,-0.01,-0.11,0.1,-0.16,0.17,-0.17,0.64,0.64,9.545,9.741,9.732,9.712,10.1,9.81,10.01,9.74,-0.001,-0.0,-0.004,0.0,-0.01,-121.7540304,36.5848019,1550.65
-1.8,0.7,0.0,-0.02,-0.11,0.09,0.1,0.14,0.09,0.62,0.64,9.526,9.732,9.741,9.712,10.01,9.52,9.91,9.81,-0.001,-0.0,-0.004,0.0,-0.01,-121.7540304,36.5848019,1550.7
-1.8,0.7,0.0,-0.02,-0.11,0.09,-0.08,0.37,-0.34,0.65,0.64,9.526,9.732,9.722,9.712,10.2,9.81,10.01,9.62,-0.001,-0.0,-0.004,0.0,-0.01,-121.7540304,36.5848019,1550.75
-1.8,0.7,0.0,-0.02,-0.12,0.13,-0.07,0.03,0.27,0.64,0.64,9.545,9.702,9.712,9.712,10.2,9.61,9.81,9.73,-0.001,-0.0,-0.004,0.0,-0.01,-121.7540304,36.5848019,1550.8
-1.8,0.7,0.0,-0.02,-0.11,0.07,-0.11,-0.09,-0.08,0.63,0.64,9.526,9.732,9.702,9.712,10.01,9.61,10.1,9.65,-0.001,-0.0,-0.004,0.0,-0.01,-121.7540304,36.5848019,1550.85
-1.7,0.7,0.0,-0.02,-0.12,0.1,0.04,0.01,-0.11,0.65,0.64,9.535,9.722,9.702,9.712,10.01,9.81,9.81,9.77,-0.001,-0.0,-0.004,0.0,-0.01,-121.7540303,36.5848018,1550.9
-1.7,0.7,0.0,-0.02,-0.1,0.09,0.04,-0.05,0.31,0.64,0.65,9.516,9.751,9.722,9.712,10.2,9.61,9.91,9.5,-0.001,-0.0,-0.004,0.0,-0.02,-121.7540303,36.5848018,1550.95
-1.8,0.7,0.0,-0.02,-0.12,0.11,-0.1,0.09,-0.12,0.64,0.63,9.506,9.722,9.732,9.712,10.2,9.61,9.81,9.67,-0.001,-0.0,-0.004,0.0,-0.02,-121.7540303,36.5848018,1551.0
-1.8,0.7,0.0,-0.02,-0.11,0.09,-0.04,0.15,-0.22,0.64,0.62,9.496,9.722,9.673,9.614,10.4,9.61,9.61,9.55,-0.001,-0.0,-0.004,0.0,-0.02,-121.7540303,36.5848018,1551.05
-1.8,0.7,0.0,-0.02,-0.13,0.1,-0.23,0.29,0.0,0.64,0.61,9.555,9.771,9.722,9.712,10.3,9.71,9.71,9.65,-0.001,-0.0,-0.004,0.0,-0.02,-121.7540303,36.5848018,1551.1
-1.8,0.7,0.0,-0.01,-0.09,0.11,0.18,-0.17,-0.35,0.64,0.64,9.584,9.751,9.761,9.712,10.2,9.52,9.81,9.8,-0.001,-0.0,-0.004,0.0,-0.0,-121.7540303,36.5848018,1551.15
-1.7,0.7,0.0,-0.01,-0.11,0.13,-0.12,-0.01,-0.11,0.65,0.64,9.516,9.682,9.673,9.614,10.2,9.61,9.81,9.65,-0.001,-0.0,-0.004,0.0,-0.0,-121.7540303,36.5848018,1551.2
-1.8,0.7,0.0,-0.01,-0.12,0.08,-0.14,-0.34,0.01,0.63,0.64,9.535,9.741,9.702,9.712,10.4,9.71,9.81,9.42,-0.001,-0.0,-0.004,0.0,-0.0,-121.7540303,36.5848018,1551.25
-1.8,0.7,0.0,-0.01,-0.12,0.08,0.41,0.07,-0.07,0.63,0.64,9.594,9.741,9.741,9.712,10.3,9.81,9.81,9.5,-0.001,-0.0,-0.004,0.0,-0.0,-121.7540303,36.5848018,1551.3
-1.8,0.7,0.0,-0.01,-0.12,0.12,-0.3,-0.01,0.1,0.62,0.64,9.535,9.741,9.741,9.712,10.1,9.61,9.91,9.53,-0.001,-0.0,-0.004,0.0,-0.0,-121.7540303,36.5848018,1551.35
-1.8,0.7,0.0,-0.01,-0.1,0.1,-0.2,-0.09,0.31,0.66,0.65,9.476,9.741,9.692,9.712,10.2,9.61,10.1,9.65,-0.001,-0.0,-0.004,0.0,-0.0,-121.7540303,36.5848018,1551.4
-1.7,0.7,0.0,-0.01,-0.11,0.14,-0.22,-0.21,0.1,0.63,0.64,9.535,9.692,9.771,9.712,10.3,9.61,9.91,9.75,-0.001,-0.0,-0.004,0.0,-0.0,-121.7540303,36.5848018,1551.45
-1.8,0.7,0.0,-0.01,-0.11,0.09,0.25,-0.18,0.33,0.63,0.64,9.555,9.761,9.732,9.712,10.4,9.61,10.01,9.72,-0.001,-0.0,-0.004,0.0,-0.0,-121.7540303,36.5848018,1551.5
-1.8,0.7,0.0,-0.01,-0.12,0.07,-0.01,-0.11,0.33,0.65,0.63,9.555,9.741,9.692,9.712,10.1,9.61,9.91,9.55,-0.001,-0.0,-0.004,0.0,-0.0,-121.7540303,36.5848018,1551.55
-1.7,0.7,0.0,-0.01,-0.12,0.12,-0.03,0.21,0.06,0.65,0.64,9.555,9.702,9.741,9.712,10.3,9.81,9.52,9.61,-0.001,-0.0,-0.004,0.0,-0.0,-121.7540303,36.5848018,1551.6
-1.8,0.7,0.0,-0.01,-0.1,0.08,0.26,-0.11,-0.17,0.64,0.63,9.545,9.771,9.741,9.712,10.3,9.71,9.52,9.39,-0.001,-0.0,-0.004,0.0,-0.0,-121.7540303,36.5848018,1551.65
-1.7,0.7,0.0,-0.01,-0.12,0.13,-0.3,-0.05,-0.38,0.64,0.64,9.555,9.712,9.702,9.712,10.1,9.61,9.81,9.71,-0.001,-0.0,-0.004,0.0,-0.0,-121.7540303,36.5848018,1551.7
-1.8,0.7,0.0,-0.01,-0.12,0.12,0.04,-0.01,0.05,0.63,0.64,9.496,9.702,9.692,9.712,10.2,9.81,9.61,9.82,-0.001,-0.0,-0.004,0.0,-0.0,-121.7540303,36.5848018,1551.75
-1.7,0.7,0.0,-0.01,-0.09,0.08,-0.27,-0.22,0.28,0.63,0.64,9.506,9.751,9.741,9.712,10.01,9.91,9.42,9.47,-0.001,-0.0,-0.004,0.0,-0.0,-121.7540303,36.5848018,1551.8
-1.8,0.7,0.0,-0.01,-0.11,0.11,0.27,-0.05,0.13,0.62,0.64,9.555,9.722,9.771,9.712,10.3,9.42,10.01,9.63,-0.001,-0.0,-0.004,0.0,-0.0,-121.7540303,36.5848018,1551.85
-1.7,0.7,0.0,-0.01,-0.11,0.09,-0.01,0.18,0.29,0.64,0.65,9.516,9.741,9.712,9.712,10.1,10.1,9.52,9.56,-0.001,-0.0,-0.004,0.0,-0.01,-121.7540303,36.5848018,1551.9
-1.7,0.7,0.0,-0.01,-0.11,0.12,-0.26,-0.37,0.25,0.63,0.65,9.535,9.722,9.712,9.712,10.2,9.81,9.71,9.62,-0.001,-0.0,-0.004,0.0,-0.01,-121.7540303,36.5848018,1551.95
-1.8,0.7,0.0,-0.01,-0.1,0.12,-0.52,-0.2,-0.18,0.63,0.64,9.555,9.741,9.741,9.712,10.2,9.71,9.52,9.47,-0.001,-0.0,-0.004,0.0,-0.01,-121.7540303,36.5848018,1552.0
-1.7,0.7,0.0,-0.01,-0.11,0.1,0.09,-0.28,-0.17,0.63,0.64,9.545,9.732,9.692,9.712,10.3,9.61,9.61,9.82,-0.001,-0.0,-0.004,0.0,-0.01,-121.7540303,36.5848018,1552.05
-1.8,0.7,0.0,-0.01,-0.14,0.08,0.29,-0.08,-0.03,0.63,0.66,9.545,9.712,9.692,9.712,10.2,9.61,9.71,9.5,-0.001,-0.0,-0.004,0.0,-0.0,-121.7540303,36.5848018,1552.1
-1.7,0.7,0.0,-0.01,-0.12,0.1,-0.02,0.11,-0.05,0.64,0.63,9.526,9.722,9.761,9.712,10.01,9.61,9.61,9.72,-0.001,-0.0,-0.004,0.0,-0.01,-121.7540304,36.5848018,1552.15
-1.7,0.7,0.0,-0.01,-0.12,0.09,0.06,0.02,0.17,0.63,0.65,9.516,9.732,9.732,9.712,10.01,9.61,9.91,9.86,-0.001,-0.0,-0.004,0.0,-0.0,-121.7540304,36.5848018,1552.2
-1.8,0.7,0.0,-0.01,-0.13,0.11,-0.12,0.15,0.05,0.63,0.65,9.526,9.702,9.741,9.712,9.91,9.81,9.61,9.53,-0.001,-0.0,-0.004,0.0,-0.0,-121.7540304,36.5848018,1552.25
-1.8,0.7,0.0,-0.01,-0.12,0.1,0.09,-0.1,0.23,0.61,0.65,9.526,9.722,9.741,9.712,10.1,9.61,9.71,9.88,-0.001,-0.0,-0.004,0.0,-0.0,-121.7540304,36.5848019,1552.3
-1.7,0.7,0.0,-0.01,-0.1,0.08,-0.31,-0.27,-0.26,0.6,0.66,9.575,9.722,9.751,9.712,9.91,9.71,9.52,9.44,-0.001,-0.0,-0.004,0.0,-0.0,-121.7540304,36.5848019,1552.35
-1.8,0.7,0.0,-0.01,-0.12,0.11,0.07,-0.37,0.07,0.58,0.66,9.535,9.741,9.732,9.614,10.4,9.61,9.71,9.54,-0.001,-0.0,-0.004,0.0,-0.0,-121.7540304,36.5848019,1552.4
-1.8,0.7,0.0,-0.01,-0.13,0.1,0.37,0.03,0.02,0.57,0.66,9.516,9.741,9.712,9.712,10.1,10.01,9.81,9.51,-0.001,-0.0,-0.004,0.0,0.0,-121.7540304,36.5848019,1552.45
-1.8,0.7,0.0,-0.01,-0.11,0.1,-0.05,0.19,0.15,0.56,0.66,9.535,9.761,9.712,9.712,9.91,9.71,9.91,9.67,-0.001,-0.0,-0.004,0.0,0.0,-121.7540304,36.5848019,1552.5
-1.7,0.7,0.0,-0.01,-0.11,0.11,0.04,-0.13,0.12,0.54,0.67,9.526,9.722,9.761,9.712,10.1,9.91,9.91,9.67,-0.001,-0.0,-0.004,0.0,0.0,-121.7540304,36.5848019,1552.55
-1.8,0.7,0.0,-0.01,-0.1,0.09,-0.04,0.09,0.21,0.53,0.67,9.516,9.722,9.741,9.614,10.01,9.81,9.81,9.78,-0.001,-0.0,-0.004,0.0,0.0,-121.7540304,36.5848019,1552.6
-1.8,0.7,0.0,-0.01,-0.11,0.1,0.02,-0.25,-0.15,0.51,0.67,9.526,9.702,9.771,9.712,10.2,9.61,9.81,9.63,-0.001,-0.0,-0.004,0.0,0.01,-121.7540304,36.5848019,1552.65
-1.7,0.7,0.0,-0.01,-0.09,0.11,0.33,-0.17,0.02,0.5,0.67,9.506,9.741,9.751,9.712,10.1,9.61,9.32,9.69,-0.001,-0.0,-0.004,0.0,0.01,-121.7540304,36.5848019,1552.7
-1.8,0.7,0.0,-0.01,-0.11,0.11,-0.1,-0.24,0.2,0.62,0.65,9.535,9.732,9.712,9.712,9.81,9.61,9.61,9.54,-0.001,-0.0,-0.004,0.0,0.01,-121.7540304,36.5848019,1552.75
-1.8,0.7,0.0,-0.0,-0.11,0.08,0.09,0.01,0.11,0.63,0.66,9.506,9.732,9.682,9.712,9.91,9.71,10.01,9.46,-0.001,-0.0,-0.004,0.0,-0.0,-121.7540304,36.5848019,1552.8
-1.8,0.7,0.0,-0.0,-0.11,0.07,0.36,-0.01,0.08,0.63,0.65,9.545,9.761,9.712,9.712,10.1,9.91,9.61,9.68,-0.001,-0.0,-0.004,0.0,-0.0,-121.7540304,36.5848019,1552.85
-1.7,0.7,0.0,-0.0,-0.13,0.11,-0.03,0.01,-0.04,0.63,0.67,9.565,9.732,9.712,9.712,10.3,9.71,9.81,9.53,-0.001,-0.0,-0.004,0.0,-0.0,-121.7540304,36.5848019,1552.9
-1.8,0.7,0.0,-0.0,-0.14,0.11,-0.08,0.07,0.26,0.62,0.69,9.506,9.722,9.761,9.712,10.01,9.81,9.91,9.21,-0.001,-0.0,-0.004,0.0,-0.0,-121.7540304,36.5848019,1552.95
-1.7,0.7,0.0,-0.0,-0.09,0.09,0.36,-0.25,0.32,0.62,0.66,9.535,9.741,9.751,9.712,10.1,9.71,9.81,9.47,-0.001,-0.0,-0.004,0.0,-0.0,-121.7540304,36.584802,1553.0
-1.7,0.7,0.0,-0.0,-0.09,0.1,-0.13,0.03,0.1,0.64,0.65,9.526,9.732,9.761,9.712,10.1,9.61,9.52,9.46,-0.001,-0.0,-0.004,0.0,-0.0,-121.7540304,36.584802,1553.05
-1.8,0.7,0.0,-0.0,-0.1,0.11,-0.07,0.3,0.09,0.64,0.66,9.535,9.732,9.751,9.712,10.1,9.52,9.81,9.73,-0.001,-0.0,-0.004,0.0,-0.01,-121.7540304,36.584802,1553.1
-1.7,0.7,0.0,-0.0,-0.11,0.07,0.06,0.06,0.08,0.64,0.63,9.526,9.692,9.732,9.712,10.2,9.91,9.91,9.58,-0.001,-0.0,-0.004,0.0,-0.01,-121.7540304,36.584802,1553.15
-1.8,0.7,0.0,-0.0,-0.08,0.12,-0.31,-0.11,0.01,0.64,0.64,9.526,9.712,9.741,9.712,10.3,9.81,9.81,9.79,-0.001,-0.0,-0.004,0.0,-0.01,-121.7540304,36.584802,1553.2
-1.8,0.7,0.0,-0.0,-0.12,0.11,0.05,0.03,-0.18,0.63,0.65,9.545,9.722,9.722,9.712,10.1,9.71,9.91,9.5,-0.001,-0.0,-0.004,0.0,-0.01,-121.7540304,36.584802,1553.25
-1.7,0.7,0.0,-0.0,-0.12,0.1,0.13,-0.17,-0.1,0.64,0.66,9.545,9.741,9.732,9.712,10.5,9.71,9.42,9.54,-0.001,-0.0,-0.004,0.0,-0.01,-121.7540305,36.584802,1553.3
-1.8,0.7,0.0,-0.0,-0.11,0.08,0.18,-0.07,-0.15,0.63,0.65,9.535,9.732,9.732,9.712,10.01,9.42,9.61,9.58,-0.001,-0.0,-0.004,0.0,-0.01,-121.7540305,36.584802,1553.35
-1.8,0.7,0.0,-0.0,-0.12,0.12,0.03,0.02,-0.26,0.63,0.65,9.526,9.712,9.741,9.712,10.01,9.61,9.81,9.71,-0.001,-0.0,-0.004,0.0,-0.01,-121.7540305,36.584802,1553.4
-1.8,0.7,0.0,-0.0,-0.12,0.1,0.31,-0.06,0.2,0.63,0.66,9.526,9.722,9.722,9.712,10.3,9.52,9.81,9.46,-0.001,-0.0,-0.004,0.0,-0.01,-121.7540305,36.584802,1553.45
-1.8,0.7,0.0,-0.0,-0.1,0.09,-0.16,0.09,0.03,0.64,0.65,9.516,9.702,9.741,9.712,10.1,9.52,9.81,9.42,-0.001,-0.0,-0.004,0.0,-0.01,-121.7540305,36.584802,1553.5
-1.8,0.7,0.0,-0.0,-0.11,0.1,0.03,0.05,0.02,0.62,0.67,9.535,9.751,9.722,9.712,10.2,9.71,9.81,9.53,-0.001,-0.0,-0.004,0.0,-0.01,-121.7540305,36.5848021,1553.55
-1.8,0.7,0.0,-0.0,-0.1,0.1,-0.07,0.14,-0.0,0.61,0.68,9.535,9.732,9.741,9.712,10.01,9.91,9.81,9.62,-0.001,-0.0,-0.004,0.0,-0.01,-121.7540305,36.5848021,1553.6
-1.8,0.7,0.0,-0.0,-0.12,0.11,0.19,-0.21,-0.26,0.63,0.65,9.535,9.712,9.722,9.712,10.2,9.81,9.61,9.73,-0.001,-0.0,-0.004,0.0,-0.01,-121.7540305,36.5848021,1553.65
-1.7,0.7,0.0,-0.0,-0.11,0.09,0.08,-0.15,0.15,0.64,0.67,9.565,9.741,9.702,9.712,10.3,9.71,9.61,9.58,-0.001,-0.0,-0.004,0.0,-0.01,-121.7540305,36.5848021,1553.7
-1.7,0.7,0.0,-0.0,-0.11,0.11,-0.19,-0.02,0.4,0.63,0.66,9.535,9.741,9.722,9.712,10.01,9.71,9.61,9.51,-0.001,-0.0,-0.004,0.0,-0.02,-121.7540305,36.5848021,1553.75
-1.7,0.7,0.0,-0.0,-0.11,0.12,-0.39,-0.03,-0.2,0.63,0.67,9.535,9.741,9.732,9.712,10.4,9.52,9.71,9.73,-0.001,-0.0,-0.004,0.0,-0.02,-121.7540305,36.5848021,1553.8
-1.8,0.7,0.0,-0.0,-0.11,0.11,-0.23,-0.29,0.38,0.63,0.66,9.545,9.741,9.751,9.712,10.2,9.81,9.91,9.66,-0.001,-0.0,-0.004,0.0,-0.02,-121.7540305,36.5848021,1553.85
-1.7,0.7,0.0,-0.0,-0.12,0.09,-0.06,-0.27,-0.32,0.64,0.65,9.516,9.732,9.722,9.712,10.1,9.81,9.81,9.63,-0.001,-0.0,-0.004,0.0,0.01,-121.7540305,36.5848021,1553.9
-1.8,0.7,0.0,-0.0,-0.11,0.09,-0.11,0.01,-0.09,0.64,0.65,9.526,9.741,9.712,9.712,10.1,9.71,9.91,9.57,-0.001,-0.0,-0.004,0.0,-0.0,-121.7540305,36.5848021,1553.95
-1.8,0.7,0.0,-0.0,-0.11,0.11,0.13,-0.23,0.33,0.63,0.66,9.535,9.741,9.692,9.712,9.91,9.61,9.81,9.55,-0.001,-0.0,-0.004,0.0,-0.0,-121.7540305,36.5848021,1554.0
-1.8,0.7,0.0,0.0,-0.09,0.08,-0.31,-0.07,-0.02,0.64,0.63,9.555,9.722,9.702,9.712,10.3,9.81,9.91,9.25,-0.001,-0.0,-0.004,0.0,-0.0,-121.7540305,36.5848021,1554.05
-1.8,0.7,0.0,-0.0,-0.13,0.12,-0.04,-0.05,-0.02,0.64,0.62,9.565,9.712,9.712,9.712,10.1,10.01,9.52,9.58,-0.001,-0.0,-0.004,0.0,-0.0,-121.7540305,36.5848021,1554.1
-1.8,0.7,0.0,0.0,-0.12,0.09,-0.13,-0.03,-0.07,0.64,0.6,9.516,9.732,9.712,9.712,10.1,9.52,9.71,9.69,-0.001,-0.0,-0.004,0.0,-0.01,-121.7540305,36.5848021,1554.15
-1.8,0.7,0.0,-0.0,-0.12,0.09,-0.16,-0.08,-0.3,0.65,0.58,9.545,9.712,9.732,9.712,10.2,9.81,9.42,9.84,-0.001,-0.0,-0.004,0.0,-0.01,-121.7540305,36.5848021,1554.2
-1.8,0.7,0.0,-0.0,-0.11,0.11,0.24,0.07,0.37,0.64,0.65,9.526,9.722,9.751,9.712,10.3,9.71,9.91,9.47,-0.001,-0.0,-0.004,0.0,-0.0,-121.7540305,36.5848021,1554.25
-1.8,0.7,0.0,-0.0,-0.12,0.1,0.48,0.15,0.21,0.65,0.65,9.516,9.722,9.732,9.712,10.1,9.71,9.42,9.4,-0.001,-0.0,-0.004,0.0,-0.01,-121.7540305,36.5848021,1554.3
-1.8,0.7,0.0,-0.0,-0.11,0.1,-0.29,-0.0,-0.22,0.65,0.67,9.535,9.741,9.692,9.712,10.4,10.01,9.61,9.53,-0.001,-0.0,-0.004,0.0,-0.01,-121.7540305,36.5848021,1554.35
-1.8,0.7,0.0,-0.0,-0.11,0.12,0.17,-0.01,0.05,0.66,0.68,9.535,9.722,9.712,9.712,10.1,9.91,9.61,9.68,-0.001,-0.0,-0.004,0.0,-0.01,-121.7540305,36.5848021,1554.4
-1.8,0.7,0.0,-0.0,-0.1,0.08,-0.05,0.22,0.12,0.65,0.65,9.535,9.751,9.682,9.712,10.1,9.61,9.52,9.52,-0.001,-0.0,-0.004,0.0,-0.01,-121.7540305,36.5848021,1554.45
-1.8,0.7,0.0,-0.0,-0.1,0.09,0.07,-0.21,0.34,0.63,0.65,9.535,9.722,9.702,9.712,10.1,9.52,9.81,9.55,-0.001,-0.0,-0.004,0.0,-0.01,-121.7540305,36.5848021,1554.5
-1.8,0.7,0.0,-0.0,-0.12,0.11,0.35,0.23,0.43,0.65,0.64,9.516,9.712,9.722,9.712,10.2,9.91,9.91,9.77,-0.001,-0.0,-0.004,0.0,-0.01,-121.7540305,36.5848021,1554.55
-1.7,0.7,0.0,-0.0,-0.09,0.09,0.04,0.06,-0.02,0.65,0.66,9.535,9.722,9.741,9.712,10.2,9.71,9.42,9.55,-0.001,-0.0,-0.004,0.0,-0.01,-121.7540305,36.5848021,1554.6
-1.8,0.7,0.0,-0.0,-0.12,0.12,-0.27,-0.31,-0.2,0.63,0.65,9.535,9.722,9.712,9.712,10.3,9.81,9.81,9.55,-0.001,-0.0,-0.004,0.0,-0.01,-121.7540305,36.5848021,1554.65
-1.7,0.7,0.0,-0.0,-0.14,0.14,0.06,0.02,-0.0,0.64,0.66,9.535,9.741,9.722,9.712,10.1,9.91,9.61,9.57,-0.001,-0.0,-0.004,0.0,-0.01,-121.7540305,36.5848021,1554.7
-1.8,0.7,0.0,-0.0,-0.13,0.09,-0.02,0.44,-0.03,0.65,0.65,9.535,9.761,9.722,9.712,10.3,9.81,9.71,9.74,-0.001,-0.0,-0.004,0.0,-0.02,-121.7540305,36.5848021,1554.75
-1.8,0.7,0.0,-0.0,-0.11,0.11,-0.07,-0.01,-0.01,0.67,0.65,9.535,9.732,9.732,9.712,10.1,9.71,9.61,9.75,-0.001,-0.0,-0.004,0.0,-0.02,-121.7540305,36.5848021,1554.8
-1.8,0.7,0.0,-0.0,-0.13,0.12,0.01,-0.1,-0.44,0.64,0.64,9.535,9.732,9.722,9.712,10.3,9.61,9.91,9.68,-0.001,-0.0,-0.004,0.0,-0.02,-121.7540305,36.5848021,1554.85
-1.7,0.7,0.0,-0.0,-0.13,0.1,0.08,-0.38,0.01,0.66,0.66,9.545,9.732,9.682,9.712,10.3,9.71,9.61,9.49,-0.001,-0.0,-0.004,0.0,-0.02,-121.7540305,36.5848021,1554.9
-1.8,0.7,0.0,-0.0,-0.1,0.08,0.07,-0.07,-0.05,0.65,0.65,9.535,9.722,9.732,9.712,10.01,9.81,9.91,9.59,-0.001,-0.0,-0.004,0.0,-0.02,-121.7540305,36.5848021,1554.95
-1.8,0.7,0.0,-0.0,-0.1,0.1,-0.47,0.1,0.16,0.64,0.65,9.535,9.741,9.712,9.712,10.01,9.81,9.71,9.62,-0.001,-0.0,-0.004,0.0,-0.02,-121.7540305,36.5848021,1555.0
-1.8,0.7,0.0,-0.0,-0.12,0.09,0.13,0.27,0.13,0.65,0.65,9.535,9.732,9.732,9.614,10.2,9.91,10.2,9.44,-0.001,-0.0,-0.004,0.0,-0.02,-121.7540305,36.5848021,1555.05
-1.8,0.7,0.0,-0.0,-0.11,0.11,-0.23,-0.02,-0.24,0.64,0.64,9.535,9.741,9.741,9.712,10.2,9.61,9.52,9.52,-0.001,-0.0,-0.004,0.0,-0.02,-121.7540305,36.5848021,1555.1
-1.8,0.7,0.0,-0.0,-0.12,0.11,0.42,-0.11,0.16,0.64,0.63,9.526,9.741,9.741,9.712,9.91,9.71,9.81,9.63,-0.001,-0.0,-0.004,0.0,-0.02,-121.7540305,36.5848021,1555.15
-1.8,0.7,0.0,-0.0,-0.11,0.09,-0.13,-0.2,-0.02,0.64,0.64,9.545,9.732,9.722,9.712,10.1,9.52,9.52,9.58,-0.001,-0.0,-0.004,0.0,-0.03,-121.7540305,36.5848021,1555.2
-1.8,0.7,0.0,-0.0,-0.11,0.1,0.13,-0.26,0.13,0.64,0.63,9.555,9.751,9.722,9.712,10.4,9.91,9.71,9.78,-0.001,-0.0,-0.004,0.0,-0.02,-121.7540304,36.5848021,1555.25
-1.8,0.7,0.0,-0.0,-0.12,0.1,0.36,-0.12,0.09,0.64,0.64,9.555,9.741,9.722,9.712,10.4,9.61,9.71,9.65,-0.001,-0.0,-0.004,0.0,-0.03,-121.7540304,36.584802,1555.3
-1.8,0.7,0.0,-0.0,-0.11,0.1,0.06,-0.32,0.05,0.65,0.64,9.545,9.732,9.751,9.712,10.1,9.52,9.81,9.65,-0.001,-0.0,-0.004,0.0,-0.03,-121.7540304,36.584802,1555.35
-1.8,0.7,0.0,-0.0,-0.1,0.1,-0.4,0.3,0.05,0.64,0.64,9.535,9.732,9.732,9.712,10.2,9.71,9.81,9.44,-0.001,-0.0,-0.004,0.0,-0.03,-121.7540304,36.584802,1555.4
-1.8,0.7,0.0,-0.0,-0.12,0.11,-0.06,-0.12,0.54,0.64,0.65,9.535,9.732,9.741,9.712,10.01,9.61,9.81,9.65,-0.001,-0.0,-0.004,0.0,-0.03,-121.7540304,36.584802,1555.45
-1.8,0.7,0.0,-0.0,-0.1,0.1,-0.15,0.18,-0.13,0.64,0.63,9.526,9.722,9.741,9.712,10.1,9.52,9.91,9.85,-0.001,-0.0,-0.004,0.0,-0.03,-121.7540304,36.584802,1555.5
-1.8,0.7,0.0,-0.01,-0.1,0.08,0.01,0.12,0.16,0.64,0.61,9.535,9.732,9.732,9.712,10.01,9.71,9.81,9.58,-0.001,-0.0,-0.004,0.0,-0.03,-121.7540304,36.584802,1555.55
-1.7,0.7,0.0,-0.01,-0.12,0.12,-0.14,-0.02,0.18,0.64,0.6,9.535,9.741,9.712,9.712,10.4,9.61,10.01,9.37,-0.001,-0.0,-0.004,0.0,-0.03,-121.7540304,36.584802,1555.6
-1.8,0.7,0.0,-0.01,-0.09,0.1,-0.21,-0.27,-0.02,0.64,0.58,9.545,9.732,9.732,9.712,10.1,9.71,9.81,9.73,-0.001,-0.0,-0.004,0.0,-0.0,-121.7540304,36.584802,1555.65
-1.8,0.7,0.0,-0.01,-0.12,0.1,-0.01,0.25,-0.24,0.63,0.64,9.555,9.722,9.712,9.712,10.1,9.91,9.81,9.83,-0.001,-0.0,-0.004,0.0,-0.01,-121.7540304,36.584802,1555.7
-1.8,0.7,0.0,-0.01,-0.1,0.09,0.05,-0.05,0.24,0.62,0.65,9.555,9.732,9.732,9.712,10.4,9.81,9.61,9.68,-0.001,-0.0,-0.004,0.0,-0.01,-121.7540304,36.584802,1555.75
-1.8,0.7,0.0,-0.01,-0.14,0.12,0.27,0.03,-0.13,0.66,0.64,9.555,9.732,9.702,9.712,10.1,9.71,9.91,9.61,-0.001,-0.0,-0.004,0.0,-0.0,-121.7540304,36.584802,1555.8
-1.8,0.7,0.0,-0.01,-0.1,0.09,-0.34,-0.04,0.09,0.64,0.64,9.535,9.722,9.732,9.712,10.1,9.52,9.71,9.53,-0.001,-0.0,-0.004,0.0,-0.01,-121.7540304,36.584802,1555.85
-1.8,0.7,0.0,-0.01,-0.11,0.1,-0.03,-0.19,-0.06,0.64,0.64,9.526,9.722,9.771,9.712,10.3,10.01,9.91,9.66,-0.001,-0.0,-0.004,0.0,-0.01,-121.7540304,36.584802,1555.9
-1.8,0.7,0.0,-0.01,-0.1,0.1,-0.17,-0.19,0.24,0.63,0.63,9.535,9.722,9.741,9.712,10.01,9.71,9.81,9.63,-0.001,-0.0,-0.004,0.0,-0.01,-121.7540304,36.584802,1555.95
-1.7,0.7,0.0,-0.02,-0.12,0.1,0.35,-0.17,-0.06,0.61,0.63,9.535,9.741,9.722,9.712,10.1,9.71,9.61,9.68,-0.001,-0.0,-0.004,0.0,-0.01,-121.7540304,36.584802,1556.0
-1.8,0.7,0.0,-0.02,-0.1,0.09,-0.07,0.18,0.06,0.65,0.64,9.555,9.722,9.692,9.712,10.01,9.71,9.61,9.44,-0.001,-0.0,-0.004,0.0,-0.01,-121.7540304,36.584802,1556.05
-1.8,0.7,0.0,-0.02,-0.1,0.1,-0.06,0.15,-0.03,0.66,0.63,9.555,9.741,9.732,9.712,10.3,9.61,9.91,9.57,-0.001,-0.0,-0.004,0.0,-0.01,-121.7540304,36.584802,1556.1
-1.8,0.7,0.0,-0.02,-0.12,0.11,-0.17,0.03,-0.2,0.67,0.63,9.555,9.761,9.692,9.712,10.3,9.81,9.91,9.77,-0.001,-0.0,-0.004,0.0,-0.01,-121.7540304,36.584802,1556.15
-1.8,0.7,0.0,-0.02,-0.11,0.1,-0.07,0.07,0.05,0.69,0.62,9.555,9.741,9.732,9.712,10.5,9.81,9.81,9.75,-0.001,-0.0,-0.004,0.0,-0.01,-121.7540304,36.584802,1556.2
-1.7,0.7,0.0,-0.02,-0.12,0.11,-0.25,0.13,-0.06,0.7,0.61,9.545,9.722,9.692,9.712,10.3,9.71,10.01,9.55,-0.001,-0.0,-0.004,0.0,-0.01,-121.7540304,36.584802,1556.25
-1.8,0.7,0.0,-0.02,-0.09,0.08,-0.58,0.24,0.09,0.71,0.6,9.516,9.722,9.732,9.712,10.3,9.81,9.61,9.48,-0.001,-0.0,-0.004,0.0,-0.01,-121.7540303,36.5848019,1556.3
-1.8,0.7,0.0,-0.02,-0.15,0.14,0.18,-0.22,-0.38,0.72,0.59,9.516,9.741,9.741,9.712,9.91,9.71,9.71,9.52,-0.001,-0.0,-0.004,0.0,-0.01,-121.7540303,36.5848019,1556.35
-1.8,0.7,0.0,-0.02,-0.15,0.15,-0.03,0.02,-0.08,0.73,0.58,9.545,9.741,9.741,9.712,10.3,9.81,9.81,9.55,-0.001,-0.0,-0.004,0.0,-0.01,-121.7540303,36.5848019,1556.4
-1.8,0.7,0.0,-0.02,-0.09,0.08,0.0,-0.02,0.2,0.75,0.58,9.555,9.722,9.741,9.712,10.1,10.01,9.91,9.59,-0.001,-0.0,-0.004,0.0,-0.01,-121.7540303,36.5848019,1556.45
-1.8,0.7,0.0,-0.02,-0.11,0.11,-0.11,0.42,-0.3,0.76,0.57,9.535,9.732,9.692,9.712,10.1,9.81,9.91,9.5,-0.001,-0.0,-0.004,0.0,-0.01,-121.7540303,36.5848019,1556.5
-1.7,0.7,0.0,-0.02,-0.1,0.08,0.07,0.32,0.15,0.77,0.56,9.535,9.712,9.732,9.712,10.1,9.71,9.81,9.86,-0.001,-0.0,-0.004,0.0,-0.01,-121.7540303,36.5848019,1556.55
-1.8,0.7,0.0,-0.02,-0.1,0.09,0.07,-0.05,0.32,0.78,0.55,9.545,9.722,9.702,9.712,10.1,9.71,9.91,9.78,-0.001,-0.0,-0.004,0.0,-0.01,-121.7540303,36.5848019,1556.6
-1.8,0.7,0.0,-0.03,-0.13,0.12,0.16,0.03,0.16,0.79,0.54,9.535,9.732,9.722,9.712,10.2,9.71,10.01,9.55,-0.001,-0.0,-0.004,0.0,-0.01,-121.7540303,36.5848019,1556.65
-1.8,0.7,0.0,-0.03,-0.12,0.08,0.09,0.09,-0.01,0.65,0.62,9.526,9.712,9.732,9.712,10.1,9.61,9.91,9.6,-0.001,-0.0,-0.004,0.0,-0.02,-121.7540303,36.5848019,1556.7
-1.8,0.7,0.0,-0.03,-0.12,0.09,0.12,0.02,-0.23,0.63,0.6,9.535,9.741,9.751,9.712,10.2,9.91,9.81,9.75,-0.001,-0.0,-0.004,0.0,-0.01,-121.7540303,36.5848019,1556.75
-1.8,0.7,0.0,-0.03,-0.11,0.11,-0.13,0.36,-0.24,0.62,0.58,9.526,9.722,9.751,9.712,10.01,9.61,9.91,9.43,-0.001,-0.0,-0.004,0.0,-0.02,-121.7540303,36.5848019,1556.8
-1.8,0.7,0.0,-0.01,-0.07,0.08,-0.2,0.06,0.12,0.61,0.56,9.516,9.751,9.712,9.712,10.4,9.81,9.81,9.85,-0.001,-0.0,-0.004,0.0,-0.01,-121.7540303,36.5848019,1556.85
-1.8,0.7,0.0,-0.01,-0.11,0.1,-0.16,-0.23,-0.11,0.6,0.54,9.535,9.722,9.732,9.712,10.01,9.71,9.81,9.55,-0.001,-0.0,-0.004,0.0,-0.0,-121.7540303,36.5848019,1556.9
-1.8,0.7,0.0,-0.01,-0.11,0.09,0.28,-0.08,0.01,0.59,0.52,9.545,9.751,9.712,9.712,10.01,9.81,9.71,9.68,-0.001,-0.0,-0.004,0.0,-0.0,-121.7540303,36.5848019,1556.95
-1.8,0.7,0.0,-0.01,-0.1,0.09,-0.05,0.15,0.19,0.58,0.49,9.545,9.732,9.692,9.712,10.4,9.81,9.81,9.7,-0.001,-0.0,-0.004,0.0,-0.01,-121.7540303,36.5848019,1557.0
-1.8,0.7,0.0,-0.01,-0.11,0.09,0.26,0.34,0.05,0.66,0.63,9.555,9.712,9.692,9.712,10.3,9.71,9.91,9.64,-0.001,-0.0,-0.004,0.0,-0.01,-121.7540303,36.5848019,1557.05
-1.8,0.7,0.0,-0.01,-0.12,0.1,0.18,-0.08,0.06,0.65,0.65,9.545,9.722,9.751,9.712,10.3,9.81,9.91,9.71,-0.001,-0.0,-0.004,0.0,-0.01,-121.7540303,36.5848019,1557.1
-1.7,0.7,0.0,-0.01,-0.09,0.09,-0.35,0.07,0.19,0.65,0.63,9.526,9.741,9.751,9.712,10.3,9.81,9.71,9.79,-0.001,-0.0,-0.004,0.0,-0.02,-121.7540303,36.5848019,1557.15
-1.8,0.7,0.0,-0.01,-0.13,0.1,-0.11,0.02,-0.09,0.65,0.66,9.516,9.712,9.732,9.712,10.2,9.81,9.81,9.58,-0.001,-0.0,-0.004,0.0,-0.02,-121.7540303,36.5848019,1557.2
-1.8,0.7,0.0,-0.01,-0.11,0.07,0.24,0.08,0.16,0.67,0.62,9.535,9.722,9.732,9.712,10.3,9.71,9.91,9.56,-0.001,-0.0,-0.004,0.0,-0.02,-121.7540303,36.5848019,1557.25
-1.8,0.7,0.0,-0.01,-0.12,0.08,0.01,-0.2,-0.17,0.69,0.59,9.545,9.732,9.732,9.712,10.2,9.71,9.61,9.69,-0.001,-0.0,-0.004,0.0,-0.02,-121.7540303,36.5848019,1557.3
-1.7,0.7,0.0,-0.0,-0.1,0.1,-0.26,-0.45,0.0,0.71,0.56,9.535,9.732,9.682,9.712,10.01,9.81,9.81,9.6,-0.001,-0.0,-0.004,0.0,-0.02,-121.7540303,36.5848019,1557.35
-1.8,0.7,0.0,-0.0,-0.1,0.07,0.08,0.0,0.11,0.73,0.53,9.545,9.722,9.712,9.712,10.1,9.71,9.61,9.61,-0.001,-0.0,-0.004,0.0,-0.02,-121.7540303,36.5848019,1557.4
-1.8,0.7,0.0,-0.0,-0.12,0.12,-0.14,-0.0,-0.09,0.75,0.5,9.545,9.732,9.741,9.712,9.91,9.42,9.61,9.61,-0.001,-0.0,-0.004,0.0,-0.02,-121.7540302,36.5848019,1557.45
-1.7,0.7,0.0,-0.0,-0.11,0.07,-0.27,0.38,-0.11,0.77,0.48,9.545,9.751,9.732,9.712,10.1,9.52,10.01,9.85,-0.001,-0.0,-0.004,0.0,-0.02,-121.7540302,36.5848019,1557.5
-1.8,0.7,0.0,-0.0,-0.11,0.07,0.1,0.11,-0.29,0.65,0.64,9.506,9.712,9.761,9.712,9.71,9.71,9.91,9.38,-0.001,-0.0,-0.004,0.0,-0.02,-121.7540302,36.5848019,1557.55
-1.8,0.7,0.0,-0.0,-0.11,0.12,0.06,-0.11,-0.05,0.66,0.64,9.516,9.722,9.732,9.712,10.1,9.52,10.1,9.75,-0.001,-0.0,-0.004,0.0,-0.03,-121.7540302,36.5848019,1557.6
-1.7,0.7,0.0,-0.0,-0.12,0.13,0.14,-0.21,-0.05,0.65,0.64,9.526,9.741,9.712,9.712,10.2,9.81,9.81,9.7,-0.001,-0.0,-0.004,0.0,-0.03,-121.7540302,36.5848019,1557.65
-1.8,0.7,0.0,-0.01,-0.1,0.09,-0.27,-0.24,-0.3,0.65,0.65,9.545,9.702,9.732,9.712,10.2,9.71,9.91,9.56,-0.001,-0.0,-0.004,0.0,-0.0,-121.7540302,36.5848019,1557.7
-1.8,0.7,0.0,-0.01,-0.12,0.1,0.21,-0.29,0.11,0.66,0.65,9.565,9.732,9.712,9.712,9.91,9.61,10.01,9.81,-0.001,-0.0,-0.004,0.0,-0.01,-121.7540302,36.5848019,1557.75
-1.7,0.7,0.0,-0.01,-0.1,0.07,0.03,-0.01,-0.12,0.65,0.66,9.545,9.732,9.712,9.712,10.1,9.71,9.91,9.7,-0.001,-0.0,-0.004,0.0,-0.01,-121.7540302,36.5848019,1557.8
-1.8,0.7,0.0,-0.01,-0.12,0.13,-0.3,-0.15,0.01,0.65,0.65,9.565,9.712,9.722,9.712,10.01,9.61,9.81,9.62,-0.001,-0.0,-0.004,0.0,-0.02,-121.7540303,36.5848019,1557.85
-1.8,0.7,0.0,-0.01,-0.12,0.1,0.31,0.05,-0.15,0.65,0.64,9.535,9.741,9.722,9.712,10.2,9.91,9.81,9.73,-0.001,-0.0,-0.004,0.0,-0.02,-121.7540302,36.5848019,1557.9
-1.8,0.7,0.0,-0.01,-0.12,0.11,-0.03,0.22,-0.02,0.65,0.67,9.565,9.722,9.751,9.712,10.3,9.61,9.81,9.75,-0.001,-0.0,-0.004,0.0,-0.0,-121.7540303,36.5848019,1557.95
-1.8,0.7,0.0,-0.01,-0.12,0.09,0.13,-0.22,0.11,0.64,0.69,9.545,9.732,9.751,9.712,10.1,9.81,9.81,9.51,-0.001,-0.0,-0.004,0.0,-0.01,-121.7540303,36.584802,1558.0
-1.8,0.7,0.0,-0.01,-0.11,0.09,-0.06,0.24,0.08,0.64,0.71,9.535,9.722,9.722,9.712,10.3,9.81,9.71,9.81,-0.001,-0.0,-0.004,0.0,-0.01,-121.7540303,36.584802,1558.05
-1.8,0.7,0.0,-0.01,-0.09,0.09,0.17,-0.04,0.24,0.63,0.73,9.545,9.751,9.702,9.712,10.3,9.71,9.81,9.69,-0.001,-0.0,-0.004,0.0,-0.01,-121.7540303,36.584802,1558.1
-1.8,0.7,0.0,-0.01,-0.14,0.13,0.01,0.06,0.16,0.62,0.75,9.555,9.741,9.702,9.712,10.01,9.61,9.81,9.65,-0.001,-0.0,-0.004,0.0,-0.0,-121.7540303,36.584802,1558.15
-1.8,0.7,0.0,-0.01,-0.11,0.11,0.03,-0.29,-0.16,0.64,0.65,9.555,9.741,9.722,9.712,10.3,9.91,9.91,9.71,-0.001,-0.0,-0.004,0.0,-0.0,-121.7540303,36.584802,1558.2
-1.8,0.7,0.0,-0.01,-0.12,0.12,0.35,0.01,-0.14,0.66,0.65,9.535,9.741,9.722,9.712,10.1,9.81,9.61,9.54,-0.001,-0.0,-0.004,0.0,-0.0,-121.7540303,36.584802,1558.25
-1.8,0.7,0.0,-0.01,-0.1,0.09,-0.07,-0.02,-0.12,0.64,0.66,9.506,9.741,9.732,9.712,10.1,9.81,9.81,9.79,-0.001,-0.0,-0.004,0.0,-0.0,-121.7540303,36.584802,1558.3
-1.8,0.7,0.0,-0.01,-0.12,0.11,-0.2,0.09,0.32,0.64,0.65,9.535,9.741,9.722,9.712,10.3,9.71,10.01,9.69,-0.001,-0.0,-0.004,0.0,-0.0,-121.7540303,36.584802,1558.35
-1.8,0.7,0.0,-0.01,-0.11,0.08,0.17,-0.02,-0.02,0.63,0.64,9.535,9.732,9.751,9.712,10.1,9.61,9.81,9.6,-0.001,-0.0,-0.004,0.0,-0.0,-121.7540303,36.584802,1558.4
-1.8,0.7,0.0,-0.01,-0.12,0.1,0.22,-0.02,-0.09,0.62,0.64,9.516,9.722,9.741,9.712,10.2,9.61,9.71,9.53,-0.001,-0.0,-0.004,0.0,-0.0,-121.7540303,36.584802,1558.45
-1.7,0.7,0.0,-0.01,-0.1,0.1,-0.06,0.07,0.03,0.62,0.64,9.535,9.712,9.722,9.712,10.1,9.91,9.81,9.7,-0.001,-0.0,-0.004,0.0,-0.0,-121.7540303,36.584802,1558.5
-1.8,0.7,0.0,-0.01,-0.11,0.08,0.02,0.24,0.21,0.61,0.63,9.565,9.732,9.732,9.712,10.3,9.71,9.71,9.54,-0.001,-0.0,-0.004,0.0,-0.01,-121.7540303,36.584802,1558.55
-1.8,0.7,0.0,-0.02,-0.13,0.08,0.35,0.12,0.06,0.6,0.63,9.535,9.751,9.702,9.712,10.2,9.81,9.81,9.93,-0.001,-0.0,-0.004,0.0,-0.0,-121.7540303,36.584802,1558.6
-1.8,0.7,0.0,-0.02,-0.12,0.11,0.14,-0.02,-0.15,0.59,0.63,9.545,9.732,9.702,9.712,10.1,9.71,9.61,9.58,-0.001,-0.0,-0.004,0.0,-0.0,-121.7540303,36.584802,1558.65
-1.8,0.7,0.0,-0.01,-0.1,0.08,0.11,0.34,0.22,0.58,0.62,9.535,9.712,9.732,9.712,10.2,9.81,10.1,9.54,-0.001,-0.0,-0.004,0.0,-0.0,-121.7540303,36.584802,1558.7
-1.7,0.7,0.0,-0.01,-0.13,0.11,-0.07,0.14,0.16,0.58,0.62,9.526,9.741,9.722,9.712,10.2,9.71,9.42,9.64,-0.001,-0.0,-0.004,0.0,-0.0,-121.7540303,36.584802,1558.75
-1.8,0.7,0.0,-0.01,-0.11,0.08,-0.12,0.13,-0.26,0.57,0.61,9.535,9.692,9.741,9.712,10.4,9.71,9.81,9.71,-0.001,-0.0,-0.004,0.0,-0.0,-121.7540303,36.584802,1558.8
-1.8,0.7,0.0,-0.01,-0.12,0.1,0.17,-0.14,0.34,0.56,0.61,9.496,9.732,9.732,9.712,10.01,9.71,9.81,9.66,-0.001,-0.0,-0.004,0.0,-0.01,-121.7540303,36.584802,1558.85
-1.8,0.7,0.0,0.0,-0.11,0.1,0.2,-0.08,-0.16,0.55,0.61,9.555,9.771,9.722,9.712,10.3,9.91,9.71,9.74,-0.001,-0.0,-0.004,0.0,-0.0,-121.7540303,36.584802,1558.9
-1.8,0.7,0.0,0.0,-0.11,0.1,0.1,-0.15,0.04,0.54,0.6,9.535,9.732,9.712,9.712,10.1,9.81,9.91,9.38,-0.001,-0.0,-0.004,0.0,-0.0,-121.7540303,36.584802,1558.95
-1.8,0.7,0.0,0.0,-0.11,0.1,0.09,-0.02,-0.0,0.54,0.6,9.545,9.732,9.673,9.712,9.81,9.81,9.81,9.65,-0.001,-0.0,-0.004,0.0,-0.0,-121.7540303,36.584802,1559.0
-1.8,0.7,0.0,0.0,-0.11,0.11,-0.08,-0.12,0.06,0.53,0.6,9.545,9.741,9.722,9.712,9.91,9.71,9.42,9.68,-0.001,-0.0,-0.004,0.0,-0.0,-121.7540303,36.584802,1559.05
-1.8,0.7,0.0,0.0,-0.11,0.11,-0.06,-0.32,0.01,0.52,0.59,9.545,9.751,9.722,9.712,10.1,9.61,9.71,9.66,-0.001,-0.0,-0.004,0.0,-0.0,-121.7540303,36.584802,1559.1
-1.8,0.7,0.0,0.0,-0.1,0.1,0.02,-0.07,-0.19,0.64,0.64,9.535,9.751,9.732,9.712,10.1,9.81,9.61,9.56,-0.001,-0.0,-0.004,0.0,-0.0,-121.7540303,36.584802,1559.15
-1.8,0.7,0.0,0.0,-0.11,0.08,-0.02,-0.12,-0.06,0.65,0.63,9.506,9.702,9.751,9.712,10.1,9.81,9.61,9.64,-0.001,-0.0,-0.004,0.0,-0.0,-121.7540303,36.584802,1559.2
-1.8,0.7,0.0,0.0,-0.13,0.1,0.21,0.19,-0.01,0.65,0.65,9.516,9.732,9.732,9.712,9.91,9.81,9.61,9.76,-0.001,-0.0,-0.004,0.0,-0.0,-121.7540303,36.584802,1559.25
-1.8,0.7,0.0,0.0,-0.11,0.11,0.08,-0.12,0.15,0.65,0.65,9.535,9.722,9.712,9.712,10.1,9.61,9.52,9.66,-0.001,-0.0,-0.004,0.0,-0.0,-121.7540303,36.584802,1559.3
-1.8,0.7,0.0,0.0,-0.12,0.12,-0.08,-0.04,-0.23,0.64,0.65,9.555,9.732,9.712,9.712,10.4,9.71,9.91,9.64,-0.001,-0.0,-0.004,0.0,-0.01,-121.7540303,36.584802,1559.35
-1.8,0.7,0.0,0.0,-0.11,0.08,0.24,-0.28,-0.04,0.63,0.65,9.516,9.761,9.712,9.712,10.2,9.61,9.61,9.38,-0.001,-0.0,-0.004,0.0,-0.0,-121.7540303,36.584802,1559.4
-1.8,0.7,0.0,0.0,-0.12,0.1,0.2,0.03,-0.15,0.63,0.65,9.545,9.732,9.702,9.712,10.2,9.52,9.91,9.6,-0.001,-0.0,-0.004,0.0,-0.01,-121.7540303,36.584802,1559.45
-1.8,0.7,0.0,0.0,-0.13,0.12,-0.06,0.42,0.06,0.64,0.66,9.545,9.712,9.702,9.712,10.01,9.52,9.71,9.65,-0.001,-0.0,-0.004,0.0,-0.01,-121.7540303,36.584802,1559.5
-1.8,0.7,0.0,0.0,-0.12,0.1,0.27,0.04,-0.29,0.63,0.65,9.526,9.741,9.732,9.712,10.1,9.61,9.91,9.57,-0.001,-0.0,-0.004,0.0,-0.01,-121.7540303,36.584802,1559.55
-1.8,0.7,0.0,0.0,-0.12,0.13,0.31,-0.22,0.2,0.63,0.66,9.535,9.751,9.771,9.712,10.01,9.81,9.91,9.51,-0.001,-0.0,-0.004,0.0,-0.01,-121.7540303,36.5848021,1559.6
-1.7,0.7,0.0,0.01,-0.11,0.08,-0.0,0.08,-0.22,0.62,0.67,9.496,9.722,9.722,9.614,10.5,9.81,9.42,9.62,-0.001,-0.0,-0.004,0.0,-0.01,-121.7540303,36.5848021,1559.65
-1.7,0.7,0.0,0.0,-0.11,0.07,0.32,0.17,0.43,0.64,0.66,9.526,9.751,9.741,9.712,10.2,9.71,9.61,9.7,-0.001,-0.0,-0.004,0.0,-0.01,-121.7540304,36.5848021,1559.7
-1.8,0.7,0.0,0.01,-0.11,0.09,0.3,-0.24,0.15,0.64,0.69,9.555,9.732,9.712,9.712,10.01,10.01,9.81,9.55,-0.001,-0.0,-0.004,0.0,-0.01,-121.7540304,36.5848021,1559.75
-1.8,0.7,0.0,0.01,-0.13,0.12,0.07,0.22,-0.09,0.63,0.65,9.545,9.741,9.692,9.712,10.3,9.71,9.71,9.48,-0.001,-0.0,-0.004,0.0,-0.01,-121.7540304,36.5848021,1559.8
-1.8,0.7,0.0,0.01,-0.11,0.09,0.13,-0.1,-0.08,0.62,0.67,9.545,9.722,9.712,9.712,10.2,9.71,9.61,9.65,-0.001,-0.0,-0.004,0.0,-0.01,-121.7540304,36.5848021,1559.85
-1.8,0.7,0.0,0.01,-0.11,0.1,-0.04,-0.14,0.02,0.63,0.65,9.545,9.732,9.702,9.712,10.3,10.01,9.61,9.58,-0.001,-0.0,-0.004,0.0,-0.01,-121.7540304,36.5848021,1559.9
-1.8,0.7,0.0,0.01,-0.13,0.09,0.16,0.26,-0.2,0.64,0.65,9.535,9.722,9.722,9.712,10.1,9.71,9.71,9.87,-0.001,-0.0,-0.004,0.0,-0.01,-121.7540304,36.5848021,1559.95
-1.8,0.7,0.0,0.01,-0.11,0.09,-0.18,0.03,-0.05,0.65,0.64,9.545,9.722,9.741,9.712,10.01,9.81,9.42,9.62,-0.001,-0.0,-0.004,0.0,-0.01,-121.7540304,36.5848021,1560.0
-1.8,0.7,0.0,0.01,-0.12,0.12,0.04,-0.02,-0.12,0.63,0.65,9.516,9.751,9.741,9.712,10.1,9.81,9.61,9.93,-0.001,-0.0,-0.004,0.0,-0.01,-121.7540304,36.5848021,1560.05
-1.7,0.7,0.0,0.01,-0.12,0.09,-0.03,-0.04,-0.26,0.63,0.67,9.535,9.732,9.722,9.712,10.3,9.81,9.81,9.58,-0.001,-0.0,-0.004,0.0,-0.01,-121.7540304,36.5848021,1560.1
-1.8,0.7,0.0,0.01,-0.1,0.09,-0.01,0.2,0.28,0.64,0.66,9.535,9.732,9.702,9.712,10.3,9.52,9.81,9.63,-0.001,-0.0,-0.004,0.0,-0.01,-121.7540304,36.5848021,1560.15
-1.8,0.7,0.0,0.01,-0.12,0.1,-0.15,0.2,-0.15,0.63,0.65,9.545,9.741,9.682,9.712,10.2,9.81,9.71,9.69,-0.001,-0.0,-0.004,0.0,-0.02,-121.7540304,36.5848021,1560.2
-1.8,0.7,0.0,0.01,-0.11,0.11,-0.24,-0.17,0.12,0.64,0.64,9.545,9.722,9.722,9.712,10.4,9.71,9.61,9.68,-0.001,-0.0,-0.004,0.0,-0.02,-121.7540304,36.5848021,1560.25
-1.8,0.7,0.0,0.01,-0.1,0.09,-0.08,0.04,0.08,0.63,0.67,9.555,9.732,9.712,9.712,10.1,9.71,9.91,9.65,-0.001,-0.0,-0.004,0.0,-0.02,-121.7540304,36.5848021,1560.3
-1.8,0.7,0.0,0.01,-0.11,0.09,-0.06,0.05,-0.24,0.63,0.65,9.535,9.712,9.722,9.712,10.01,9.71,9.81,9.43,-0.001,-0.0,-0.004,0.0,-0.02,-121.7540304,36.5848021,1560.35
-1.8,0.7,0.0,0.01,-0.12,0.1,-0.06,0.14,0.01,0.64,0.64,9.565,9.751,9.702,9.712,10.1,9.71,9.91,9.5,-0.001,-0.0,-0.004,0.0,-0.02,-121.7540304,36.5848021,1560.4
-1.8,0.7,0.0,0.01,-0.11,0.1,-0.06,-0.1,-0.04,0.62,0.65,9.535,9.682,9.732,9.712,10.2,9.61,9.52,9.53,-0.001,-0.0,-0.004,0.0,-0.02,-121.7540304,36.5848021,1560.45
-1.8,0.7,0.0,0.01,-0.09,0.08,-0.07,0.21,-0.06,0.63,0.65,9.555,9.732,9.732,9.712,10.2,10.01,9.81,9.42,-0.001,-0.0,-0.004,0.0,-0.02,-121.7540304,36.5848021,1560.5
-1.8,0.7,0.0,0.01,-0.09,0.13,-0.28,-0.06,0.05,0.62,0.65,9.555,9.741,9.722,9.712,10.3,9.81,10.1,9.5,-0.001,-0.0,-0.004,0.0,-0.02,-121.7540304,36.584802,1560.55
-1.8,0.7,0.0,0.01,-0.11,0.1,-0.19,0.14,0.17,0.63,0.65,9.545,9.741,9.712,9.712,10.2,9.71,9.61,9.81,-0.001,-0.0,-0.004,0.0,-0.02,-121.7540304,36.584802,1560.6
-1.8,0.7,0.0,0.01,-0.11,0.09,0.08,-0.06,-0.17,0.62,0.65,9.555,9.732,9.702,9.712,9.91,9.81,9.91,9.67,-0.001,-0.0,-0.004,0.0,-0.02,-121.7540304,36.584802,1560.65
-1.8,0.7,0.0,0.01,-0.1,0.1,0.12,-0.23,0.16,0.62,0.64,9.526,9.702,9.712,9.712,10.2,9.81,9.71,9.65,-0.001,-0.0,-0.004,0.0,-0.02,-121.7540304,36.584802,1560.7
-1.8,0.7,0.0,0.01,-0.11,0.09,-0.25,-0.14,-0.11,0.62,0.63,9.535,9.712,9.722,9.712,10.3,9.81,9.71,9.76,-0.001,-0.0,-0.004,0.0,-0.02,-121.7540304,36.584802,1560.75
-1.8,0.7,0.0,0.01,-0.12,0.1,-0.18,0.02,-0.41,0.61,0.62,9.555,9.751,9.702,9.712,10.3,9.81,9.81,9.56,-0.001,-0.0,-0.004,0.0,-0.02,-121.7540304,36.584802,1560.8
-1.8,0.7,0.0,0.01,-0.12,0.1,0.12,0.28,-0.06,0.64,0.65,9.535,9.732,9.732,9.712,10.1,9.61,10.1,9.74,-0.001,-0.0,-0.004,0.0,-0.02,-121.7540304,36.584802,1560.85
-1.8,0.7,0.0,0.01,-0.11,0.1,-0.21,-0.23,-0.19,0.62,0.65,9.496,9.732,9.732,9.712,10.2,9.61,9.81,9.67,-0.001,-0.0,-0.004,0.0,-0.02,-121.7540304,36.584802,1560.9
-1.8,0.7,0.0,0.01,-0.12,0.09,0.1,0.13,0.05,0.63,0.65,9.545,9.732,9.692,9.712,10.01,9.71,9.91,9.74,-0.001,-0.0,-0.004,0.0,-0.02,-121.7540304,36.584802,1560.95
-1.8,0.7,0.0,0.02,-0.13,0.11,0.1,0.22,-0.4,0.64,0.66,9.555,9.732,9.722,9.712,10.1,9.81,9.81,9.59,-0.001,-0.0,-0.004,0.0,-0.02,-121.7540304,36.584802,1561.0
-1.8,0.7,0.0,0.01,-0.11,0.09,0.32,-0.12,0.02,0.66,0.67,9.545,9.732,9.712,9.712,9.91,9.61,9.81,9.6,-0.001,-0.0,-0.004,0.0,-0.02,-121.7540304,36.584802,1561.05
-1.8,0.7,0.0,0.0,-0.11,0.12,-0.26,-0.19,-0.06,0.62,0.65,9.516,9.712,9.712,9.712,10.3,9.61,9.71,9.74,-0.001,-0.0,-0.004,0.0,-0.0,-121.7540304,36.584802,1561.1
-1.7,0.7,0.0,0.0,-0.12,0.1,-0.07,0.27,0.13,0.64,0.65,9.535,9.722,9.712,9.712,9.81,9.81,9.61,9.53,-0.001,-0.0,-0.004,0.0,-0.0,-121.7540304,36.584802,1561.15
-1.7,0.7,0.0,-0.0,-0.12,0.1,0.23,-0.12,0.21,0.65,0.66,9.565,9.732,9.732,9.712,10.01,9.71,9.91,9.52,-0.001,-0.0,-0.004,0.0,-0.0,-121.7540304,36.584802,1561.2
-1.8,0.7,0.0,-0.0,-0.1,0.1,0.23,-0.05,0.07,0.61,0.65,9.526,9.732,9.732,9.712,10.3,9.81,9.91,9.65,-0.001,-0.0,-0.004,0.0,-0.0,-121.7540304,36.584802,1561.25
-1.8,0.7,0.0,-0.0,-0.11,0.1,-0.02,-0.07,-0.09,0.62,0.65,9.516,9.732,9.732,9.712,10.3,9.61,9.61,9.34,-0.001,-0.0,-0.004,0.0,-0.0,-121.7540304,36.584802,1561.3
-1.8,0.7,0.0,-0.0,-0.11,0.08,0.15,0.16,0.37,0.63,0.65,9.535,9.722,9.732,9.712,10.01,9.61,9.71,9.67,-0.001,-0.0,-0.004,0.0,-0.01,-121.7540304,36.584802,1561.35
-1.7,0.7,0.0,-0.01,-0.12,0.11,0.18,0.11,0.07,0.63,0.65,9.555,9.732,9.741,9.712,10.1,9.91,9.91,9.75,-0.001,-0.0,-0.004,0.0,-0.0,-121.7540304,36.584802,1561.4
-1.8,0.7,0.0,-0.01,-0.11,0.09,-0.06,-0.08,-0.14,0.61,0.65,9.535,9.722,9.702,9.712,10.2,9.81,9.61,9.58,-0.001,-0.0,-0.004,0.0,-0.01,-121.7540304,36.584802,1561.45
-1.8,0.7,0.0,-0.01,-0.12,0.12,0.08,-0.1,0.48,0.65,0.65,9.526,9.732,9.732,9.712,10.3,9.71,9.61,9.69,-0.001,-0.0,-0.004,0.0,-0.01,-121.7540304,36.584802,1561.5
-1.8,0.7,0.0,-0.01,-0.09,0.06,0.12,-0.08,-0.29,0.62,0.65,9.545,9.732,9.732,9.712,10.3,9.91,9.81,9.67,-0.001,-0.0,-0.004,0.0,-0.01,-121.7540304,36.584802,1561.55
-1.8,0.7,0.0,-0.01,-0.13,0.12,-0.03,-0.43,-0.0,0.62,0.65,9.535,9.751,9.673,9.712,10.2,9.61,9.61,9.53,-0.001,-0.0,-0.004,0.0,-0.01,-121.7540304,36.584802,1561.6
-1.8,0.7,0.0,-0.01,-0.11,0.11,0.05,-0.06,-0.02,0.62,0.65,9.535,9.702,9.741,9.712,10.1,10.01,9.81,9.66,-0.001,-0.0,-0.004,0.0,-0.01,-121.7540304,36.584802,1561.65
-1.8,0.7,0.0,-0.01,-0.1,0.1,0.19,-0.08,0.29,0.62,0.65,9.516,9.722,9.751,9.712,10.2,9.81,9.61,9.5,-0.001,-0.0,-0.004,0.0,-0.01,-121.7540304,36.584802,1561.7
-1.8,0.7,0.0,-0.01,-0.1,0.1,-0.05,0.41,0.15,0.61,0.65,9.535,9.732,9.741,9.712,10.3,9.71,9.91,9.7,-0.001,-0.0,-0.004,0.0,-0.01,-121.7540304,36.584802,1561.75
-1.7,0.7,0.0,-0.01,-0.11,0.1,-0.08,-0.04,-0.24,0.59,0.66,9.535,9.722,9.712,9.712,10.3,9.71,9.81,9.68,-0.001,-0.0,-0.004,0.0,-0.01,-121.7540304,36.5848019,1561.8
-1.8,0.7,0.0,-0.01,-0.11,0.07,0.06,-0.1,-0.11,0.64,0.65,9.535,9.722,9.732,9.712,9.91,9.81,9.61,9.77,-0.001,-0.0,-0.004,0.0,-0.01,-121.7540304,36.5848019,1561.85
-1.8,0.7,0.0,-0.01,-0.11,0.1,0.01,-0.0,-0.25,0.62,0.65,9.555,9.722,9.712,9.614,10.1,9.61,9.81,9.71,-0.001,-0.0,-0.004,0.0,-0.01,-121.7540304,36.5848019,1561.9
-1.8,0.7,0.0,-0.01,-0.13,0.13,0.08,-0.23,-0.11,0.62,0.65,9.535,9.751,9.702,9.712,10.01,9.61,9.81,9.71,-0.001,-0.0,-0.004,0.0,-0.01,-121.7540304,36.5848019,1561.95
-1.8,0.7,0.0,-0.01,-0.12,0.09,-0.03,-0.01,0.11,0.61,0.64,9.555,9.732,9.722,9.712,10.2,10.01,9.61,9.6,-0.001,-0.0,-0.004,0.0,-0.01,-121.7540304,36.5848019,1562.0
-1.8,0.7,0.0,-0.01,-0.1,0.08,-0.14,0.24,0.34,0.6,0.64,9.516,9.722,9.732,9.712,10.2,9.91,9.91,9.89,-0.001,-0.0,-0.004,0.0,-0.02,-121.7540304,36.5848019,1562.05
-1.8,0.7,0.0,-0.01,-0.11,0.1,0.01,0.34,0.29,0.59,0.63,9.545,9.732,9.741,9.712,10.2,9.71,9.81,9.44,-0.001,-0.0,-0.004,0.0,-0.01,-121.7540304,36.5848019,1562.1
-1.8,0.7,0.0,-0.01,-0.1,0.11,-0.25,-0.01,0.01,0.61,0.65,9.535,9.732,9.741,9.712,10.2,9.71,9.91,9.55,-0.001,-0.0,-0.004,0.0,-0.02,-121.7540304,36.5848019,1562.15
-1.8,0.7,0.0,-0.01,-0.08,0.09,-0.57,0.51,0.15,0.64,0.65,9.535,9.732,9.732,9.712,10.3,10.1,9.81,9.68,-0.001,-0.0,-0.004,0.0,-0.02,-121.7540304,36.5848019,1562.2
-1.7,0.7,0.0,-0.01,-0.12,0.12,0.4,-0.18,0.03,0.62,0.65,9.565,9.712,9.732,9.712,10.2,9.81,9.61,9.66,-0.001,-0.0,-0.004,0.0,-0.02,-121.7540304,36.5848019,1562.25
-1.8,0.7,0.0,-0.01,-0.1,0.1,-0.03,-0.05,0.15,0.64,0.66,9.535,9.722,9.732,9.712,10.1,9.52,9.81,9.8,-0.001,-0.0,-0.004,0.0,-0.02,-121.7540304,36.5848019,1562.3
-1.8,0.7,0.0,-0.01,-0.12,0.09,-0.01,0.15,-0.22,0.63,0.65,9.584,9.732,9.722,9.712,10.01,9.71,9.81,9.81,-0.001,-0.0,-0.004,0.0,-0.02,-121.7540304,36.5848019,1562.35
-1.8,0.7,0.0,-0.01,-0.11,0.11,-0.07,-0.17,0.08,0.64,0.65,9.555,9.732,9.712,9.712,10.1,9.81,9.81,9.75,-0.001,-0.0,-0.004,0.0,-0.02,-121.7540304,36.5848019,1562.4
-1.7,0.7,0.0,-0.01,-0.11,0.1,-0.14,0.14,-0.03,0.63,0.65,9.516,9.732,9.732,9.712,10.2,9.81,10.1,9.54,-0.001,-0.0,-0.004,0.0,-0.02,-121.7540304,36.5848019,1562.45
-1.8,0.7,0.0,-0.01,-0.11,0.1,0.03,-0.2,-0.22,0.62,0.65,9.516,9.741,9.751,9.712,10.3,9.81,9.81,9.57,-0.001,-0.0,-0.004,0.0,-0.02,-121.7540304,36.5848019,1562.5
-1.8,0.7,0.0,-0.01,-0.11,0.1,-0.23,0.01,0.08,0.62,0.65,9.535,9.751,9.741,9.712,10.1,9.71,9.81,9.54,-0.001,-0.0,-0.004,0.0,-0.02,-121.7540304,36.5848019,1562.55
-1.8,0.7,0.0,-0.01,-0.12,0.1,-0.15,0.09,-0.27,0.6,0.64,9.545,9.712,9.741,9.614,10.4,9.61,9.71,9.62,-0.001,-0.0,-0.004,0.0,-0.02,-121.7540304,36.5848019,1562.6
-1.8,0.7,0.0,-0.01,-0.1,0.08,-0.15,-0.05,-0.18,0.58,0.64,9.555,9.732,9.702,9.712,10.1,9.71,9.91,9.59,-0.001,-0.0,-0.004,0.0,-0.03,-121.7540304,36.5848019,1562.65
-1.8,0.7,0.0,-0.01,-0.12,0.11,0.06,-0.1,-0.19,0.56,0.63,9.555,9.741,9.702,9.712,10.1,9.91,9.71,9.56,-0.001,-0.0,-0.004,0.0,-0.03,-121.7540304,36.5848019,1562.7
-1.8,0.7,0.0,-0.01,-0.12,0.1,-0.02,0.01,-0.1,0.54,0.62,9.565,9.722,9.682,9.712,10.1,9.52,9.71,9.62,-0.001,-0.0,-0.004,0.0,-0.03,-121.7540304,36.5848019,1562.75
-1.8,0.7,0.0,-0.01,-0.13,0.12,0.24,-0.08,-0.17,0.52,0.62,9.545,9.712,9.722,9.712,10.1,9.81,9.61,9.62,-0.001,-0.0,-0.004,0.0,-0.03,-121.7540304,36.5848019,1562.8
-1.7,0.7,0.0,-0.02,-0.13,0.1,0.36,-0.24,-0.05,0.5,0.61,9.516,9.722,9.741,9.712,10.2,9.71,9.71,9.68,-0.001,-0.0,-0.004,0.0,-0.03,-121.7540304,36.5848019,1562.85
-1.8,0.7,0.0,-0.01,-0.11,0.09,-0.05,-0.11,-0.31,0.48,0.6,9.545,9.741,9.741,9.712,10.1,9.91,9.81,9.8,-0.001,-0.0,-0.004,0.0,-0.03,-121.7540304,36.5848019,1562.9
-1.8,0.7,0.0,-0.01,-0.12,0.11,0.24,0.03,0.08,0.46,0.6,9.526,9.712,9.732,9.712,10.3,9.71,9.91,9.76,-0.001,-0.0,-0.004,0.0,-0.03,-121.7540304,36.5848019,1562.95
-1.8,0.7,0.0,-0.01,-0.11,0.09,-0.12,-0.05,0.06,0.44,0.59,9.535,9.712,9.722,9.712,10.1,9.71,9.91,9.55,-0.001,-0.0,-0.004,0.0,-0.03,-121.7540304,36.5848019,1563.0
-1.8,0.7,0.0,-0.01,-0.1,0.11,0.19,-0.07,-0.22,0.42,0.59,9.526,9.732,9.741,9.712,10.3,9.81,9.81,9.62,-0.001,-0.0,-0.004,0.0,-0.03,-121.7540304,36.5848019,1563.05
-1.7,0.7,0.0,-0.01,-0.12,0.08,-0.05,0.23,-0.17,0.41,0.58,9.545,9.722,9.702,9.712,10.1,9.91,9.81,9.67,-0.001,-0.0,-0.004,0.0,-0.03,-121.7540304,36.5848019,1563.1
-1.8,0.7,0.0,-0.01,-0.12,0.08,-0.11,0.28,-0.19,0.39,0.57,9.555,9.741,9.702,9.712,9.91,9.71,9.42,9.65,-0.001,-0.0,-0.004,0.0,-0.03,-121.7540304,36.5848019,1563.15
-1.8,0.7,0.0,-0.01,-0.11,0.1,0.02,0.07,-0.1,0.37,0.57,9.545,9.722,9.702,9.712,10.01,9.91,9.71,9.71,-0.001,-0.0,-0.004,0.0,-0.03,-121.7540304,36.5848019,1563.2
-1.8,0.7,0.0,-0.02,-0.12,0.11,0.19,0.06,0.11,0.62,0.67,9.506,9.741,9.732,9.712,10.1,9.71,9.52,9.72,-0.001,-0.0,-0.004,0.0,-0.03,-121.7540304,36.5848019,1563.25
-1.8,0.7,0.0,-0.02,-0.11,0.1,-0.12,0.01,0.09,0.62,0.66,9.526,9.732,9.732,9.712,10.3,9.71,9.71,9.78,-0.001,-0.0,-0.004,0.0,-0.04,-121.7540304,36.5848019,1563.3
-1.8,0.7,0.0,-0.02,-0.11,0.11,0.0,-0.11,0.08,0.62,0.66,9.526,9.712,9.751,9.712,10.1,9.71,9.91,9.68,-0.001,-0.0,-0.004,0.0,-0.04,-121.7540304,36.5848019,1563.35
-1.8,0.7,0.0,-0.01,-0.1,0.08,0.02,-0.16,0.02,0.63,0.67,9.526,9.722,9.722,9.712,10.2,9.71,9.61,9.35,-0.001,-0.0,-0.004,0.0,-0.0,-121.7540304,36.5848019,1563.4
-1.8,0.7,0.0,-0.01,-0.1,0.09,-0.32,0.37,0.09,0.65,0.68,9.535,9.692,9.702,9.712,10.1,9.61,9.81,9.62,-0.001,-0.0,-0.004,0.0,-0.01,-121.7540304,36.5848019,1563.45
-1.8,0.7,0.0,-0.01,-0.14,0.1,0.13,0.12,-0.53,0.66,0.69,9.545,9.741,9.732,9.712,10.1,9.52,10.01,9.57,-0.001,-0.0,-0.004,0.0,-0.0,-121.7540304,36.5848019,1563.5
-1.8,0.7,0.0,-0.01,-0.1,0.08,-0.08,0.14,0.06,0.67,0.7,9.555,9.732,9.722,9.712,10.3,9.91,9.91,9.45,-0.001,-0.0,-0.004,0.0,-0.01,-121.7540304,36.5848019,1563.55
-1.8,0.7,0.0,-0.0,-0.13,0.12,-0.05,-0.01,-0.11,0.69,0.71,9.555,9.732,9.702,9.712,10.2,9.71,9.81,9.79,-0.001,-0.0,-0.004,0.0,0.01,-121.7540304,36.5848019,1563.6
-1.7,0.7,0.0,0.0,-0.09,0.09,-0.42,0.28,0.15,0.7,0.72,9.565,9.722,9.722,9.712,10.1,9.81,9.81,9.89,-0.001,-0.0,-0.004,0.0,-0.0,-121.7540304,36.5848019,1563.65
-1.8,0.7,0.0,-0.0,-0.12,0.1,0.11,0.12,0.04,0.71,0.73,9.535,9.741,9.741,9.712,10.5,9.81,9.91,9.64,-0.001,-0.0,-0.004,0.0,-0.0,-121.7540304,36.5848019,1563.7
-1.8,0.7,0.0,0.0,-0.12,0.09,0.09,0.09,-0.04,0.73,0.74,9.545,9.741,9.741,9.712,10.3,9.71,9.91,9.71,-0.001,-0.0,-0.004,0.0,-0.0,-121.7540304,36.5848019,1563.75
-1.8,0.7,0.0,-0.0,-0.12,0.09,-0.14,0.22,-0.26,0.74,0.75,9.526,9.732,9.732,9.712,10.3,9.71,9.61,9.71,-0.001,-0.0,-0.004,0.0,0.01,-121.7540304,36.5848019,1563.8
-1.8,0.7,0.0,-0.0,-0.12,0.11,0.2,-0.21,-0.23,0.75,0.76,9.535,9.732,9.732,9.614,10.3,9.81,9.61,9.64,-0.001,-0.0,-0.004,0.0,0.01,-121.7540304,36.5848019,1563.85
-1.8,0.7,0.0,-0.0,-0.1,0.1,-0.02,-0.37,-0.14,0.77,0.77,9.535,9.722,9.722,9.712,10.3,10.01,10.1,9.8,-0.001,-0.0,-0.004,0.0,0.01,-121.7540304,36.5848019,1563.9
-1.8,0.7,0.0,-0.0,-0.1,0.09,-0.23,0.03,-0.24,0.78,0.78,9.535,9.732,9.732,9.712,10.3,9.42,9.61,9.37,-0.001,-0.0,-0.004,0.0,0.01,-121.7540304,36.5848019,1563.95
-1.8,0.7,0.0,-0.0,-0.13,0.12,0.23,0.11,-0.19,0.8,0.79,9.535,9.732,9.702,9.712,10.3,10.01,10.01,9.48,-0.001,-0.0,-0.004,0.0,0.01,-121.7540304,36.5848019,1564.0
-1.8,0.7,0.0,-0.0,-0.1,0.09,-0.14,-0.2,0.22,0.81,0.8,9.535,9.741,9.712,9.712,10.01,9.61,9.71,9.63,-0.001,-0.0,-0.004,0.0,0.01,-121.7540304,36.5848019,1564.05
-1.8,0.7,0.0,-0.0,-0.13,0.12,-0.0,-0.08,-0.19,0.82,0.81,9.535,9.712,9.741,9.712,10.4,9.61,9.61,9.6,-0.001,-0.0,-0.004,0.0,0.01,-121.7540305,36.584802,1564.1
-1.8,0.7,0.0,-0.0,-0.1,0.08,-0.23,-0.04,-0.3,0.84,0.82,9.506,9.722,9.741,9.712,10.01,9.71,9.61,9.61,-0.001,-0.0,-0.004,0.0,0.01,-121.7540305,36.584802,1564.15
-1.8,0.7,0.0,-0.0,-0.13,0.11,0.1,-0.2,0.35,0.85,0.83,9.526,9.732,9.722,9.712,10.01,9.61,9.81,9.77,-0.001,-0.0,-0.004,0.0,0.01,-121.7540305,36.584802,1564.2
-1.8,0.7,0.0,-0.0,-0.11,0.07,-0.26,0.06,0.13,0.86,0.84,9.565,9.732,9.741,9.712,10.1,9.81,10.1,9.7,-0.001,-0.0,-0.004,0.0,0.0,-121.7540305,36.584802,1564.25
-1.7,0.7,0.0,-0.0,-0.12,0.12,-0.0,0.23,-0.36,0.88,0.85,9.535,9.751,9.702,9.712,10.4,9.61,9.91,9.73,-0.001,-0.0,-0.004,0.0,0.01,-121.7540305,36.584802,1564.3
-1.8,0.7,0.0,-0.0,-0.1,0.11,-0.04,-0.2,-0.22,0.89,0.86,9.506,9.732,9.712,9.712,10.1,9.81,9.71,9.63,-0.001,-0.0,-0.004,0.0,0.01,-121.7540305,36.584802,1564.35
-1.8,0.7,0.0,-0.0,-0.11,0.1,0.01,0.03,0.18,0.9,0.87,9.545,9.741,9.712,9.712,10.3,9.61,9.91,9.76,-0.001,-0.0,-0.004,0.0,0.0,-121.7540305,36.584802,1564.4
-1.8,0.7,0.0,-0.0,-0.12,0.1,-0.19,0.19,-0.02,0.92,0.89,9.555,9.732,9.722,9.712,10.3,9.81,9.91,9.58,-0.001,-0.0,-0.004,0.0,0.0,-121.7540305,36.584802,1564.45
-1.8,0.7,0.0,-0.0,-0.09,0.05,0.25,-0.02,-0.23,0.93,0.9,9.545,9.732,9.751,9.712,10.3,9.91,9.71,9.48,-0.001,-0.0,-0.004,0.0,0.0,-121.7540305,36.584802,1564.5
-1.8,0.7,0.0,-0.0,-0.1,0.09,-0.05,-0.12,0.09,0.95,0.91,9.516,9.751,9.712,9.712,10.1,9.71,9.71,9.6,-0.001,-0.0,-0.004,0.0,0.0,-121.7540305,36.584802,1564.55
-1.8,0.7,0.0,-0.0,-0.13,0.11,-0.01,0.1,-0.17,0.62,0.66,9.535,9.751,9.741,9.712,10.2,9.71,9.42,9.67,-0.001,-0.0,-0.004,0.0,0.0,-121.7540305,36.584802,1564.6
-1.8,0.7,0.0,-0.0,-0.12,0.09,-0.19,0.22,0.0,0.62,0.66,9.535,9.712,9.702,9.712,10.1,9.61,9.91,9.64,-0.001,-0.0,-0.004,0.0,0.0,-121.7540305,36.584802,1564.65
-1.8,0.7,0.0,-0.0,-0.12,0.11,-0.19,0.03,0.13,0.62,0.66,9.545,9.722,9.722,9.712,10.01,9.81,9.61,9.68,-0.001,-0.0,-0.004,0.0,0.0,-121.7540305,36.584802,1564.7
-1.8,0.7,0.0,-0.0,-0.1,0.07,-0.0,0.22,-0.28,0.63,0.66,9.535,9.732,9.722,9.712,10.2,9.71,9.81,9.53,-0.001,-0.0,-0.004,0.0,0.0,-121.7540305,36.584802,1564.75
-1.8,0.7,0.0,-0.0,-0.13,0.14,-0.31,-0.32,-0.09,0.62,0.66,9.545,9.712,9.712,9.712,10.01,9.71,9.81,9.72,-0.001,-0.0,-0.004,0.0,0.0,-121.7540305,36.584802,1564.8
-1.8,0.7,0.0,-0.0,-0.11,0.1,0.03,-0.05,-0.12,0.61,0.66,9.535,9.712,9.702,9.712,10.1,9.61,9.61,9.67,-0.001,-0.0,-0.004,0.0,0.0,-121.7540305,36.584802,1564.85
-1.8,0.7,0.0,-0.0,-0.11,0.1,-0.14,0.2,0.16,0.62,0.67,9.526,9.722,9.751,9.712,10.1,9.52,9.81,9.89,-0.001,-0.0,-0.004,0.0,0.0,-121.7540305,36.584802,1564.9
-1.8,0.7,0.0,-0.0,-0.11,0.1,0.03,-0.03,-0.28,0.62,0.66,9.545,9.722,9.751,9.712,10.1,9.61,9.61,9.56,-0.001,-0.0,-0.004,0.0,0.0,-121.7540305,36.584802,1564.95
-1.7,0.7,0.0,-0.0,-0.12,0.11,0.1,-0.11,-0.34,0.62,0.66,9.526,9.732,9.732,9.712,10.1,9.42,9.91,9.71,-0.001,-0.0,-0.004,0.0,0.0,-121.7540305,36.584802,1565.0
-1.8,0.7,0.0,-0.01,-0.11,0.11,0.12,0.09,-0.18,0.62,0.66,9.535,9.712,9.722,9.712,10.3,9.91,9.91,9.75,-0.001,-0.0,-0.004,0.0,0.0,-121.7540305,36.584802,1565.05
-1.8,0.7,0.0,-0.0,-0.11,0.1,0.16,0.34,0.22,0.63,0.66,9.545,9.741,9.722,9.712,9.81,9.61,9.81,9.56,-0.001,-0.0,-0.004,0.0,0.0,-121.7540305,36.584802,1565.1
-1.8,0.7,0.0,-0.0,-0.11,0.07,0.12,-0.15,0.19,0.62,0.67,9.526,9.732,9.732,9.712,10.1,9.61,9.61,9.66,-0.001,-0.0,-0.004,0.0,-0.0,-121.7540305,36.584802,1565.15
-1.8,0.7,0.0,-0.01,-0.12,0.11,-0.21,0.07,-0.13,0.63,0.65,9.555,9.712,9.712,9.712,10.01,9.61,9.91,9.54,-0.001,-0.0,-0.004,0.0,0.0,-121.7540305,36.584802,1565.2
-1.8,0.7,0.0,-0.0,-0.1,0.08,-0.15,0.25,0.25,0.62,0.66,9.545,9.732,9.702,9.712,10.1,9.71,9.91,9.84,-0.001,-0.0,-0.004,0.0,-0.0,-121.7540305,36.584802,1565.25
-1.8,0.7,0.0,-0.01,-0.1,0.09,0.12,0.05,0.13,0.61,0.64,9.526,9.751,9.741,9.712,10.2,9.71,9.71,9.82,-0.001,-0.0,-0.004,0.0,-0.0,-121.7540305,36.584802,1565.3
-1.8,0.7,0.0,-0.0,-0.11,0.12,-0.35,0.03,0.19,0.62,0.66,9.545,9.732,9.741,9.712,10.2,9.52,9.91,9.7,-0.001,-0.0,-0.004,0.0,-0.0,-121.7540305,36.584802,1565.35
-1.8,0.7,0.0,-0.01,-0.12,0.08,0.36,0.22,0.01,0.62,0.66,9.506,9.741,9.712,9.712,10.3,9.81,9.91,9.53,-0.001,-0.0,-0.004,0.0,-0.0,-121.7540305,36.584802,1565.4
-1.8,0.7,0.0,-0.01,-0.12,0.09,0.24,-0.13,0.03,0.62,0.65,9.565,9.722,9.722,9.712,10.2,9.81,9.71,9.68,-0.001,-0.0,-0.004,0.0,-0.0,-121.7540305,36.584802,1565.45
-1.8,0.7,0.0,-0.01,-0.12,0.1,0.21,0.05,0.18,0.62,0.67,9.545,9.732,9.712,9.712,10.4,9.81,9.81,9.67,-0.001,-0.0,-0.004,0.0,-0.0,-121.7540305,36.5848021,1565.5
-1.8,0.7,0.0,-0.0,-0.1,0.1,-0.33,-0.06,0.1,0.62,0.67,9.516,9.722,9.722,9.712,10.2,9.61,9.61,9.6,-0.001,-0.0,-0.004,0.0,-0.0,-121.7540305,36.5848021,1565.55
-1.8,0.7,0.0,-0.01,-0.11,0.1,0.16,0.09,-0.04,0.62,0.66,9.535,9.732,9.732,9.712,10.1,9.71,9.91,9.67,-0.001,-0.0,-0.004,0.0,-0.0,-121.7540305,36.5848021,1565.6
-1.8,0.7,0.0,-0.0,-0.11,0.08,0.2,-0.22,-0.12,0.62,0.64,9.535,9.712,9.712,9.712,10.3,9.61,9.91,9.61,-0.001,-0.0,-0.004,0.0,-0.0,-121.7540305,36.5848021,1565.65
-1.8,0.7,0.0,-0.0,-0.11,0.1,0.16,-0.18,0.12,0.61,0.66,9.545,9.741,9.712,9.712,10.2,9.61,9.61,9.56,-0.001,-0.0,-0.004,0.0,0.0,-121.7540305,36.5848021,1565.7
-1.8,0.7,0.0,0.0,-0.1,0.08,0.04,0.07,-0.34,0.6,0.67,9.535,9.732,9.741,9.712,10.2,9.52,10.01,9.49,-0.001,-0.0,-0.004,0.0,-0.0,-121.7540305,36.5848021,1565.75
-1.8,0.7,0.0,0.0,-0.14,0.12,0.11,0.09,-0.2,0.58,0.67,9.526,9.741,9.741,9.712,10.1,9.81,9.91,9.55,-0.001,-0.0,-0.004,0.0,-0.0,-121.7540305,36.5848021,1565.8
-1.8,0.7,0.0,-0.0,-0.12,0.1,0.17,0.04,0.17,0.62,0.66,9.535,9.712,9.732,9.712,10.1,9.71,9.81,9.35,-0.001,-0.0,-0.004,0.0,0.01,-121.7540305,36.5848021,1565.85
-1.7,0.7,0.0,-0.0,-0.11,0.09,-0.11,0.13,-0.07,0.61,0.65,9.496,9.732,9.712,9.712,10.2,9.81,9.61,9.75,-0.001,-0.0,-0.004,0.0,0.01,-121.7540305,36.5848021,1565.9
-1.8,0.7,0.0,0.0,-0.11,0.1,0.21,-0.17,-0.08,0.62,0.66,9.545,9.732,9.712,9.712,10.01,9.52,9.81,9.71,-0.001,-0.0,-0.004,0.0,-0.0,-121.7540305,36.5848021,1565.95
-1.8,0.7,0.0,0.0,-0.11,0.09,0.05,-0.16,-0.05,0.64,0.67,9.565,9.722,9.712,9.712,10.2,9.81,9.81,9.71,-0.001,-0.0,-0.004,0.0,-0.0,-121.7540305,36.5848021,1566.0
-1.8,0.7,0.0,0.0,-0.13,0.11,0.08,-0.14,-0.16,0.65,0.68,9.555,9.732,9.702,9.712,10.1,9.81,9.81,9.67,-0.001,-0.0,-0.004,0.0,-0.0,-121.7540305,36.5848021,1566.05
-1.8,0.7,0.0,0.0,-0.1,0.08,0.06,0.02,-0.0,0.66,0.69,9.535,9.712,9.702,9.712,10.3,9.52,9.81,9.5,-0.001,-0.0,-0.004,0.0,-0.0,-121.7540306,36.5848021,1566.1
-1.7,0.7,0.0,0.0,-0.13,0.12,-0.01,-0.13,-0.24,0.62,0.66,9.526,9.741,9.722,9.712,10.3,9.42,9.61,9.84,-0.001,-0.0,-0.004,0.0,-0.0,-121.7540306,36.5848021,1566.15
-1.8,0.7,0.0,0.0,-0.1,0.09,0.11,0.03,0.02,0.65,0.66,9.545,9.741,9.741,9.712,10.3,9.52,9.81,9.52,-0.001,-0.0,-0.004,0.0,-0.0,-121.7540306,36.5848021,1566.2
-1.8,0.7,0.0,0.0,-0.13,0.12,-0.31,-0.13,-0.0,0.62,0.66,9.535,9.712,9.741,9.712,9.81,9.71,9.71,9.65,-0.001,-0.0,-0.004,0.0,-0.0,-121.7540305,36.5848021,1566.25
-1.8,0.7,0.0,0.0,-0.1,0.09,-0.08,-0.03,-0.15,0.64,0.66,9.496,9.722,9.741,9.712,10.1,9.71,10.2,9.39,-0.001,-0.0,-0.004,0.0,-0.0,-121.7540305,36.5848021,1566.3
-1.8,0.7,0.0,0.0,-0.13,0.1,0.35,0.31,-0.23,0.63,0.66,9.535,9.741,9.732,9.712,10.4,9.71,9.61,9.68,-0.001,-0.0,-0.004,0.0,-0.0,-121.7540305,36.5848021,1566.35
-1.8,0.7,0.0,0.01,-0.1,0.1,-0.15,-0.2,-0.1,0.62,0.66,9.535,9.732,9.722,9.712,9.91,9.32,9.61,9.77,-0.001,-0.0,-0.004,0.0,-0.0,-121.7540305,36.5848021,1566.4
-1.8,0.7,0.0,0.0,-0.13,0.13,0.04,-0.15,0.02,0.62,0.66,9.535,9.692,9.712,9.712,10.1,9.52,9.91,9.93,-0.001,-0.0,-0.004,0.0,-0.0,-121.7540305,36.5848021,1566.45
-1.7,0.7,0.0,0.01,-0.11,0.08,0.07,-0.04,0.18,0.63,0.66,9.555,9.741,9.702,9.712,10.2,9.91,9.91,9.74,-0.001,-0.0,-0.004,0.0,-0.0,-121.7540305,36.5848021,1566.5
-1.8,0.7,0.0,0.01,-0.09,0.1,-0.26,0.17,0.3,0.63,0.66,9.535,9.751,9.761,9.712,10.01,9.52,9.91,9.75,-0.001,-0.0,-0.004,0.0,-0.01,-121.7540305,36.5848021,1566.55
-1.8,0.7,0.0,0.01,-0.12,0.1,-0.15,-0.17,-0.11,0.62,0.66,9.535,9.732,9.722,9.712,10.1,9.71,9.81,9.42,-0.001,-0.0,-0.004,0.0,-0.01,-121.7540304,36.5848021,1566.6
-1.8,0.7,0.0,0.01,-0.11,0.11,0.04,0.07,-0.19,0.64,0.66,9.506,9.732,9.722,9.712,10.3,9.71,9.61,9.69,-0.001,-0.0,-0.004,0.0,-0.01,-121.7540304,36.5848021,1566.65
-1.8,0.7,0.0,0.01,-0.12,0.1,0.13,-0.18,0.11,0.65,0.65,9.535,9.732,9.732,9.712,10.01,9.61,9.91,9.52,-0.001,-0.0,-0.004,0.0,-0.01,-121.7540304,36.5848021,1566.7
-1.8,0.7,0.0,0.01,-0.13,0.1,0.08,-0.04,0.02,0.64,0.66,9.545,9.732,9.732,9.712,10.2,9.61,9.91,9.58,-0.001,-0.0,-0.004,0.0,-0.01,-121.7540304,36.5848021,1566.75
-1.8,0.7,0.0,0.01,-0.12,0.09,0.14,0.08,0.37,0.62,0.66,9.516,9.732,9.712,9.712,10.2,9.71,9.81,9.67,-0.001,-0.0,-0.004,0.0,-0.01,-121.7540304,36.5848021,1566.8
-1.8,0.7,0.0,0.01,-0.12,0.11,0.04,-0.06,0.08,0.64,0.65,9.565,9.722,9.722,9.712,10.2,9.61,9.81,9.71,-0.001,-0.0,-0.004,0.0,-0.01,-121.7540304,36.5848021,1566.85
-1.8,0.7,0.0,0.01,-0.1,0.09,-0.03,-0.13,-0.13,0.65,0.65,9.565,9.702,9.702,9.712,10.2,9.81,9.61,9.72,-0.001,-0.0,-0.004,0.0,-0.01,-121.7540304,36.5848021,1566.9
-1.8,0.7,0.0,0.01,-0.11,0.12,-0.09,-0.06,0.04,0.66,0.64,9.565,9.732,9.712,9.712,10.01,9.61,9.81,9.5,-0.001,-0.0,-0.004,0.0,-0.01,-121.7540304,36.5848021,1566.95
-1.8,0.7,0.0,0.01,-0.1,0.1,-0.13,-0.03,-0.16,0.67,0.63,9.516,9.722,9.712,9.712,10.1,9.81,9.71,9.61,-0.001,-0.0,-0.004,0.0,-0.01,-121.7540304,36.5848021,1567.0
-1.8,0.7,0.0,0.01,-0.12,0.12,-0.06,0.16,0.16,0.64,0.66,9.516,9.732,9.722,9.712,10.4,9.91,9.71,9.74,-0.001,-0.0,-0.004,0.0,-0.01,-121.7540304,36.5848021,1567.05
-1.8,0.7,0.0,0.01,-0.12,0.09,0.14,-0.25,-0.42,0.65,0.67,9.535,9.722,9.732,9.614,10.3,9.71,9.71,9.58,-0.001,-0.0,-0.004,0.0,-0.01,-121.7540304,36.5848021,1567.1
-1.8,0.7,0.0,0.01,-0.13,0.1,0.01,0.06,-0.2,0.64,0.66,9.506,9.761,9.741,9.712,10.2,9.71,9.91,9.58,-0.001,-0.0,-0.004,0.0,-0.01,-121.7540304,36.5848021,1567.15
-1.8,0.7,0.0,0.01,-0.11,0.08,0.07,-0.29,-0.31,0.62,0.66,9.535,9.732,9.722,9.712,10.3,9.81,9.91,9.56,-0.001,-0.0,-0.004,0.0,-0.01,-121.7540304,36.5848021,1567.2
-1.8,0.7,0.0,0.01,-0.14,0.13,-0.0,-0.12,0.01,0.62,0.66,9.565,9.722,9.722,9.712,10.1,9.71,9.91,9.61,-0.001,-0.0,-0.004,0.0,-0.01,-121.7540304,36.5848021,1567.25
-1.8,0.7,0.0,0.01,-0.1,0.06,0.21,0.1,-0.21,0.63,0.66,9.555,9.722,9.712,9.712,9.91,9.71,9.81,9.7,-0.001,-0.0,-0.004,0.0,-0.01,-121.7540304,36.5848021,1567.3
-1.8,0.7,0.0,0.01,-0.13,0.11,0.12,0.07,0.03,0.64,0.66,9.526,9.732,9.722,9.712,10.3,9.61,9.71,9.6,-0.001,-0.0,-0.004,0.0,-0.01,-121.7540304,36.5848021,1567.35
-1.8,0.7,0.0,0.01,-0.08,0.08,-0.06,-0.04,0.06,0.64,0.67,9.535,9.732,9.741,9.712,10.1,9.71,9.71,9.5,-0.001,-0.0,-0.004,0.0,-0.01,-121.7540304,36.5848021,1567.4
-1.8,0.7,0.0,0.01,-0.12,0.11,-0.06,-0.03,0.01,0.64,0.66,9.545,9.732,9.722,9.712,10.1,9.71,9.42,9.57,-0.001,-0.0,-0.004,0.0,-0.01,-121.7540304,36.5848021,1567.45
-1.8,0.7,0.0,0.01,-0.11,0.11,0.03,0.19,0.05,0.63,0.66,9.535,9.732,9.741,9.712,10.2,9.71,9.81,9.48,-0.001,-0.0,-0.004,0.0,-0.01,-121.7540304,36.584802,1567.5
-1.8,0.7,0.0,0.01,-0.1,0.1,0.01,-0.13,0.33,0.62,0.66,9.545,9.702,9.712,9.712,10.4,9.81,9.81,9.27,-0.001,-0.0,-0.004,0.0,-0.01,-121.7540304,36.584802,1567.55
-1.8,0.7,0.0,0.01,-0.11,0.11,0.07,-0.29,0.17,0.64,0.65,9.535,9.741,9.722,9.712,10.1,9.71,9.81,9.65,-0.001,-0.0,-0.004,0.0,-0.01,-121.7540304,36.584802,1567.6
-1.8,0.7,0.0,0.02,-0.12,0.09,0.12,-0.06,-0.46,0.63,0.65,9.565,9.722,9.722,9.614,10.3,9.61,9.81,9.54,-0.001,-0.0,-0.004,0.0,-0.01,-121.7540304,36.584802,1567.65
-1.8,0.7,0.0,0.02,-0.1,0.1,-0.39,-0.08,0.08,0.63,0.67,9.565,9.732,9.712,9.712,10.01,9.81,9.81,9.74,-0.001,-0.0,-0.004,0.0,-0.02,-121.7540304,36.584802,1567.7
-1.8,0.7,0.0,0.02,-0.14,0.1,0.32,0.18,0.12,0.64,0.66,9.545,9.702,9.673,9.712,10.2,9.52,9.81,9.75,-0.001,-0.0,-0.004,0.0,-0.01,-121.7540304,36.584802,1567.75
-1.8,0.7,0.0,0.02,-0.09,0.11,-0.27,-0.34,-0.11,0.63,0.65,9.516,9.761,9.771,9.712,10.01,9.81,9.81,9.81,-0.001,-0.0,-0.004,0.0,-0.01,-121.7540304,36.584802,1567.8
-1.8,0.7,0.0,0.02,-0.12,0.11,0.1,0.06,-0.08,0.63,0.66,9.535,9.722,9.771,9.712,10.2,9.61,9.61,9.76,-0.001,-0.0,-0.004,0.0,-0.01,-121.7540304,36.584802,1567.85
-1.8,0.7,0.0,0.02,-0.11,0.09,-0.24,-0.13,-0.16,0.62,0.67,9.506,9.741,9.702,9.712,10.2,9.71,9.91,9.59,-0.001,-0.0,-0.004,0.0,-0.02,-121.7540304,36.584802,1567.9
-1.8,0.7,0.0,0.02,-0.11,0.09,-0.25,0.04,0.06,0.64,0.66,9.555,9.732,9.722,9.712,10.1,9.71,9.61,9.29,-0.001,-0.0,-0.004,0.0,-0.02,-121.7540304,36.584802,1567.95
-1.8,0.7,0.0,0.02,-0.1,0.09,-0.24,0.12,0.22,0.66,0.66,9.555,9.771,9.732,9.712,10.01,9.61,9.52,9.99,-0.001,-0.0,-0.004,0.0,-0.02,-121.7540304,36.584802,1568.0
-1.8,0.7,0.0,0.02,-0.14,0.11,0.04,0.2,-0.07,0.68,0.66,9.555,9.732,9.712,9.712,10.3,9.71,9.81,9.79,-0.001,-0.0,-0.004,0.0,-0.01,-121.7540304,36.584802,1568.05
-1.8,0.7,0.0,0.02,-0.12,0.06,0.03,0.13,-0.02,0.7,0.65,9.584,9.722,9.692,9.712,10.3,9.81,9.91,9.77,-0.001,-0.0,-0.004,0.0,-0.02,-121.7540304,36.584802,1568.1
-1.8,0.7,0.0,0.02,-0.13,0.1,-0.1,0.05,0.08,0.72,0.65,9.555,9.732,9.722,9.712,10.01,9.42,9.81,9.55,-0.001,-0.0,-0.004,0.0,-0.02,-121.7540304,36.584802,1568.15
-1.8,0.7,0.0,0.02,-0.12,0.1,0.28,-0.33,0.06,0.74,0.65,9.526,9.741,9.741,9.712,10.4,9.52,9.81,9.58,-0.001,-0.0,-0.004,0.0,-0.02,-121.7540304,36.584802,1568.2
-1.8,0.7,0.0,0.02,-0.11,0.1,0.05,-0.18,0.0,0.63,0.66,9.506,9.722,9.771,9.712,10.2,9.71,9.61,9.69,-0.001,-0.0,-0.004,0.0,-0.02,-121.7540304,36.584802,1568.25
-1.8,0.7,0.0,0.02,-0.14,0.08,0.23,0.27,-0.02,0.62,0.67,9.545,9.682,9.741,9.712,10.4,9.81,9.42,9.89,-0.001,-0.0,-0.004,0.0,-0.02,-121.7540304,36.584802,1568.3
-1.8,0.7,0.0,0.02,-0.1,0.11,-0.1,-0.14,0.07,0.61,0.69,9.486,9.771,9.761,9.712,10.3,9.81,9.81,9.85,-0.001,-0.0,-0.004,0.0,-0.02,-121.7540304,36.584802,1568.35
-1.8,0.7,0.0,0.02,-0.1,0.1,-0.18,0.04,-0.21,0.63,0.65,9.535,9.732,9.741,9.712,10.2,9.91,9.91,9.58,-0.001,-0.0,-0.004,0.0,-0.02,-121.7540304,36.584802,1568.4
-1.8,0.7,0.0,0.02,-0.12,0.11,-0.18,0.09,-0.15,0.63,0.65,9.526,9.712,9.722,9.712,9.91,9.61,9.91,9.39,-0.001,-0.0,-0.004,0.0,-0.02,-121.7540304,36.584802,1568.45
-1.8,0.7,0.0,0.02,-0.14,0.08,-0.05,0.18,0.04,0.64,0.65,9.604,9.682,9.692,9.712,10.1,9.71,9.52,9.76,-0.001,-0.0,-0.004,0.0,-0.02,-121.7540304,36.584802,1568.5
-1.8,0.7,0.0,0.02,-0.09,0.1,-0.19,0.27,0.07,0.64,0.64,9.545,9.732,9.712,9.712,10.3,9.52,9.61,9.67,-0.001,-0.0,-0.004,0.0,-0.02,-121.7540304,36.584802,1568.55
-1.8,0.7,0.0,0.02,-0.09,0.08,-0.0,-0.22,-0.03,0.64,0.63,9.516,9.761,9.771,9.712,10.2,9.61,9.61,9.74,-0.001,-0.0,-0.004,0.0,-0.02,-121.7540304,36.584802,1568.6
-1.8,0.7,0.0,0.02,-0.12,0.11,0.22,0.48,-0.23,0.63,0.65,9.535,9.702,9.741,9.712,10.4,9.71,10.1,9.65,-0.001,-0.0,-0.004,0.0,-0.02,-121.7540304,36.584802,1568.65
-1.8,0.7,0.0,0.02,-0.11,0.06,0.24,-0.13,-0.01,0.63,0.65,9.506,9.722,9.732,9.614,10.3,9.71,9.91,9.62,-0.001,-0.0,-0.004,0.0,-0.02,-121.7540304,36.584802,1568.7
-1.8,0.7,0.0,0.03,-0.11,0.12,-0.14,0.02,0.06,0.62,0.65,9.506,9.722,9.732,9.712,10.01,9.61,9.71,9.55,-0.001,-0.0,-0.004,0.0,-0.02,-121.7540304,36.584802,1568.75
-1.8,0.7,0.0,0.02,-0.08,0.1,0.06,0.11,0.06,0.63,0.64,9.486,9.751,9.741,9.712,10.2,9.61,9.91,9.63,-0.001,-0.0,-0.004,0.0,-0.02,-121.7540304,36.584802,1568.8
-1.8,0.7,0.0,0.03,-0.09,0.07,-0.36,0.29,0.12,0.63,0.65,9.565,9.722,9.692,9.712,10.3,9.71,9.81,9.36,-0.001,-0.0,-0.004,0.0,-0.02,-121.7540304,36.584802,1568.85
-1.8,0.7,0.0,0.03,-0.11,0.14,0.15,0.35,-0.03,0.64,0.65,9.535,9.722,9.712,9.712,10.2,9.81,9.91,9.78,-0.001,-0.0,-0.004,0.0,-0.02,-121.7540304,36.584802,1568.9
-1.8,0.7,0.0,0.03,-0.08,0.13,0.31,0.21,-0.04,0.62,0.64,9.535,9.702,9.712,9.712,10.01,9.81,9.61,9.43,-0.001,-0.0,-0.004,0.0,-0.02,-121.7540304,36.584802,1568.95
-1.8,0.7,0.0,0.03,-0.1,0.07,-0.02,0.16,-0.07,0.62,0.64,9.545,9.741,9.741,9.712,10.3,9.71,9.81,9.49,-0.001,-0.0,-0.004,0.0,-0.02,-121.7540304,36.584802,1569.0
-1.8,0.7,0.0,0.03,-0.11,0.1,0.03,-0.09,-0.04,0.61,0.64,9.545,9.741,9.771,9.712,10.01,9.52,9.71,9.53,-0.001,-0.0,-0.004,0.0,-0.02,-121.7540304,36.584802,1569.05
-1.8,0.7,0.0,0.03,-0.12,0.12,-0.11,-0.16,-0.12,0.63,0.65,9.535,9.712,9.751,9.712,10.2,9.52,9.81,9.8,-0.001,-0.0,-0.004,0.0,-0.02,-121.7540304,36.584802,1569.1
-1.8,0.7,0.0,0.03,-0.12,0.1,0.12,-0.3,0.41,0.63,0.65,9.535,9.712,9.741,9.712,9.91,9.71,9.91,9.72,-0.001,-0.0,-0.004,0.0,-0.02,-121.7540304,36.584802,1569.15
-1.8,0.7,0.0,0.03,-0.12,0.1,0.06,-0.14,0.25,0.62,0.67,9.535,9.732,9.712,9.712,10.3,9.91,9.61,9.55,-0.001,-0.0,-0.004,0.0,-0.02,-121.7540304,36.584802,1569.2
-1.8,0.7,0.0,0.03,-0.12,0.08,0.39,-0.18,0.15,0.6,0.69,9.545,9.741,9.702,9.712,10.1,9.81,9.91,9.34,-0.001,-0.0,-0.004,0.0,-0.02,-121.7540304,36.584802,1569.25
-1.8,0.7,0.0,0.03,-0.14,0.1,0.3,-0.08,-0.14,0.63,0.65,9.555,9.702,9.732,9.712,10.2,9.61,9.71,9.83,-0.001,-0.0,-0.004,0.0,-0.02,-121.7540304,36.584802,1569.3
-1.8,0.7,0.0,0.03,-0.12,0.1,0.1,0.1,-0.3,0.63,0.65,9.535,9.722,9.732,9.712,10.3,9.61,10.1,9.49,-0.001,-0.0,-0.004,0.0,-0.03,-121.7540304,36.584802,1569.35
-1.8,0.7,0.0,0.03,-0.12,0.08,0.4,0.03,-0.01,0.64,0.65,9.535,9.722,9.741,9.712,10.3,9.71,9.91,9.69,-0.001,-0.0,-0.004,0.0,-0.02,-121.7540304,36.584802,1569.4
-1.8,0.7,0.0,0.03,-0.13,0.1,0.14,-0.15,-0.25,0.63,0.65,9.555,9.732,9.751,9.712,10.2,9.52,9.91,9.72,-0.001,-0.0,-0.004,0.0,-0.02,-121.7540304,36.584802,1569.45
-1.8,0.7,0.0,0.03,-0.1,0.09,0.06,-0.24,-0.03,0.62,0.65,9.526,9.741,9.732,9.712,10.01,9.81,9.71,9.57,-0.001,-0.0,-0.004,0.0,-0.03,-121.7540304,36.584802,1569.5
-1.8,0.7,0.0,0.03,-0.1,0.1,-0.03,-0.28,0.11,0.6,0.65,9.526,9.751,9.741,9.712,10.1,9.81,9.61,9.67,-0.001,-0.0,-0.004,0.0,-0.03,-121.7540304,36.584802,1569.55
-1.8,0.7,0.0,0.03,-0.12,0.12,-0.1,-0.08,0.1,0.59,0.65,9.535,9.712,9.732,9.712,10.1,9.61,9.81,9.58,-0.001,-0.0,-0.004,0.0,-0.03,-121.7540304,36.584802,1569.6
-1.8,0.7,0.0,-0.01,-0.12,0.09,-0.1,0.16,-0.07,0.57,0.65,9.555,9.722,9.692,9.712,10.2,9.61,9.81,9.74,-0.001,-0.0,-0.004,0.0,-0.0,-121.7540304,36.584802,1569.65
-1.8,0.7,0.0,-0.01,-0.12,0.1,0.19,0.16,-0.14,0.55,0.65,9.516,9.732,9.712,9.712,10.1,9.81,9.61,9.65,-0.001,-0.0,-0.004,0.0,-0.0,-121.7540304,36.584802,1569.7
-1.8,0.7,0.0,-0.01,-0.08,0.09,-0.12,0.01,-0.14,0.53,0.65,9.535,9.702,9.712,9.712,10.1,9.61,9.71,9.33,-0.001,-0.0,-0.004,0.0,-0.0,-121.7540304,36.5848019,1569.75
-1.8,0.7,0.0,-0.01,-0.1,0.11,-0.1,-0.1,0.16,0.63,0.63,9.526,9.712,9.741,9.712,10.4,9.91,9.61,9.86,-0.001,-0.0,-0.004,0.0,-0.0,-121.7540304,36.5848019,1569.8
-1.8,0.7,0.0,-0.01,-0.1,0.09,0.41,-0.16,-0.1,0.63,0.65,9.496,9.741,9.751,9.712,10.2,9.81,9.71,9.69,-0.001,-0.0,-0.004,0.0,-0.0,-121.7540304,36.5848019,1569.85
-1.8,0.7,0.0,-0.01,-0.13,0.11,0.06,0.06,-0.3,0.64,0.65,9.526,9.732,9.751,9.712,10.3,9.71,9.81,9.59,-0.001,-0.0,-0.004,0.0,-0.01,-121.7540304,36.5848019,1569.9
-1.8,0.7,0.0,-0.01,-0.13,0.11,0.09,0.21,-0.02,0.65,0.65,9.516,9.741,9.732,9.712,10.2,9.71,9.81,9.58,-0.001,-0.0,-0.004,0.0,-0.01,-121.7540304,36.5848019,1569.95
-1.8,0.7,0.0,-0.01,-0.1,0.08,-0.03,-0.05,0.09,0.63,0.65,9.545,9.712,9.692,9.712,10.2,9.61,9.61,9.55,-0.001,-0.0,-0.004,0.0,-0.01,-121.7540304,36.5848019,1570.0
-1.8,0.7,0.0,-0.01,-0.11,0.1,-0.38,0.39,0.06,0.63,0.65,9.535,9.722,9.712,9.712,10.2,9.81,9.81,9.63,-0.001,-0.0,-0.004,0.0,-0.01,-121.7540304,36.5848019,1570.05
-1.8,0.7,0.0,-0.02,-0.11,0.09,0.07,0.05,-0.14,0.63,0.65,9.516,9.771,9.732,9.712,10.2,9.42,9.71,9.77,-0.001,-0.0,-0.004,0.0,-0.01,-121.7540304,36.5848019,1570.1
-1.8,0.7,0.0,-0.02,-0.11,0.1,-0.13,0.08,0.03,0.63,0.65,9.526,9.751,9.702,9.712,10.3,9.81,9.71,9.65,-0.001,-0.0,-0.004,0.0,-0.01,-121.7540304,36.5848019,1570.15
-1.8,0.7,0.0,-0.02,-0.11,0.08,-0.07,0.07,-0.23,0.64,0.66,9.526,9.712,9.732,9.712,10.1,9.71,10.2,9.55,-0.001,-0.0,-0.004,0.0,-0.01,-121.7540304,36.5848019,1570.2
-1.8,0.7,0.0,-0.02,-0.11,0.11,-0.08,0.18,0.13,0.63,0.65,9.535,9.751,9.712,9.712,10.3,9.61,9.81,9.56,-0.001,-0.0,-0.004,0.0,-0.01,-121.7540304,36.5848019,1570.25
-1.8,0.7,0.0,-0.02,-0.12,0.09,0.01,0.2,-0.07,0.62,0.64,9.526,9.722,9.732,9.712,10.4,9.52,9.81,9.82,-0.001,-0.0,-0.004,0.0,-0.01,-121.7540304,36.5848019,1570.3
-1.8,0.7,0.0,-0.02,-0.11,0.1,-0.28,0.24,0.05,0.63,0.65,9.516,9.722,9.702,9.81,10.1,9.91,9.61,9.83,-0.001,-0.0,-0.004,0.0,-0.01,-121.7540304,36.5848019,1570.35
-1.8,0.7,0.0,-0.02,-0.13,0.09,0.07,-0.03,0.05,0.63,0.65,9.545,9.702,9.741,9.712,10.2,9.52,9.91,9.62,-0.001,-0.0,-0.004,0.0,-0.02,-121.7540304,36.5848019,1570.4
-1.8,0.7,0.0,-0.02,-0.11,0.08,-0.03,-0.1,-0.19,0.64,0.65,9.575,9.732,9.732,9.712,9.91,9.61,9.61,9.81,-0.001,-0.0,-0.004,0.0,-0.02,-121.7540304,36.5848019,1570.45
-1.8,0.7,0.0,-0.02,-0.12,0.11,-0.57,-0.15,0.04,0.63,0.65,9.555,9.741,9.673,9.712,10.01,9.71,10.1,9.62,-0.001,-0.0,-0.004,0.0,-0.02,-121.7540304,36.5848019,1570.5
-1.8,0.7,0.0,-0.03,-0.12,0.08,-0.12,-0.22,-0.38,0.63,0.65,9.535,9.712,9.732,9.712,10.1,9.52,10.1,9.84,-0.001,-0.0,-0.004,0.0,-0.02,-121.7540304,36.5848019,1570.55
-1.8,0.7,0.0,-0.03,-0.11,0.12,-0.0,0.15,-0.23,0.63,0.65,9.545,9.732,9.751,9.712,10.2,9.81,9.61,9.63,-0.001,-0.0,-0.004,0.0,-0.02,-121.7540304,36.5848019,1570.6
-1.8,0.7,0.0,-0.03,-0.1,0.1,-0.03,-0.22,-0.38,0.63,0.65,9.545,9.741,9.741,9.712,9.91,9.91,9.91,9.84,-0.001,-0.0,-0.004,0.0,-0.02,-121.7540304,36.5848019,1570.65
-1.8,0.7,0.0,-0.03,-0.12,0.13,-0.24,0.08,-0.23,0.63,0.65,9.516,9.751,9.732,9.712,10.4,9.61,9.61,9.52,-0.001,-0.0,-0.004,0.0,-0.02,-121.7540304,36.5848019,1570.7
-1.8,0.7,0.0,-0.03,-0.09,0.1,0.33,0.03,-0.03,0.63,0.65,9.545,9.751,9.761,9.712,10.1,9.81,9.71,9.54,-0.001,-0.0,-0.004,0.0,-0.02,-121.7540304,36.5848019,1570.75
-1.8,0.7,0.0,-0.03,-0.11,0.11,-0.19,-0.12,0.01,0.63,0.65,9.555,9.712,9.732,9.712,10.3,9.61,9.81,9.42,-0.001,-0.0,-0.004,0.0,-0.02,-121.7540304,36.5848019,1570.8
-1.8,0.7,0.0,-0.03,-0.11,0.1,-0.32,-0.21,0.27,0.63,0.65,9.535,9.702,9.712,9.712,10.2,9.81,9.81,9.58,-0.001,-0.0,-0.004,0.0,-0.02,-121.7540304,36.5848019,1570.85
-1.8,0.7,0.0,-0.03,-0.13,0.09,0.1,-0.03,0.27,0.63,0.66,9.535,9.732,9.682,9.712,10.2,9.52,9.61,9.68,-0.001,-0.0,-0.004,0.0,-0.02,-121.7540304,36.5848019,1570.9
-1.8,0.7,0.0,-0.03,-0.11,0.09,-0.14,0.41,0.16,0.63,0.65,9.516,9.732,9.712,9.712,10.3,9.61,9.91,9.57,-0.001,-0.0,-0.004,0.0,-0.03,-121.7540304,36.5848019,1570.95
-1.8,0.7,0.0,-0.04,-0.12,0.11,0.23,-0.16,-0.12,0.63,0.65,9.535,9.751,9.732,9.712,10.1,9.61,9.91,9.62,-0.001,-0.0,-0.004,0.0,-0.02,-121.7540304,36.5848019,1571.0
-1.8,0.7,0.0,-0.04,-0.09,0.09,0.15,0.27,0.0,0.64,0.65,9.545,9.732,9.741,9.712,10.1,9.91,9.61,9.68,-0.001,-0.0,-0.004,0.0,-0.03,-121.7540304,36.5848019,1571.05
-1.8,0.7,0.0,-0.04,-0.1,0.11,-0.31,-0.16,-0.15,0.63,0.66,9.545,9.732,9.722,9.712,10.1,9.81,9.81,9.58,-0.001,-0.0,-0.004,0.0,-0.03,-121.7540304,36.5848019,1571.1
-1.8,0.7,0.0,-0.04,-0.12,0.11,-0.21,-0.02,-0.17,0.63,0.66,9.535,9.751,9.741,9.712,10.1,9.71,9.61,9.74,-0.001,-0.0,-0.004,0.0,-0.03,-121.7540304,36.5848019,1571.15
-1.8,0.7,0.0,-0.04,-0.12,0.1,-0.13,-0.02,-0.34,0.63,0.65,9.535,9.722,9.771,9.712,10.01,9.61,9.91,9.85,-0.001,-0.0,-0.004,0.0,-0.03,-121.7540304,36.5848019,1571.2
-1.8,0.7,0.0,-0.04,-0.11,0.12,0.14,0.14,0.06,0.63,0.66,9.565,9.732,9.722,9.614,10.3,9.71,9.91,9.44,-0.001,-0.0,-0.004,0.0,-0.03,-121.7540304,36.5848019,1571.25
-1.8,0.7,0.0,-0.04,-0.13,0.09,0.08,0.08,-0.0,0.63,0.65,9.565,9.702,9.732,9.712,9.81,9.71,10.1,9.55,-0.001,-0.0,-0.004,0.0,-0.03,-121.7540304,36.5848019,1571.3
-1.8,0.7,0.0,-0.04,-0.11,0.09,-0.0,0.09,-0.18,0.63,0.65,9.565,9.722,9.722,9.712,10.2,10.1,9.81,9.65,-0.001,-0.0,-0.004,0.0,-0.03,-121.7540304,36.5848019,1571.35
-1.8,0.7,0.0,-0.05,-0.11,0.09,0.36,0.14,-0.21,0.63,0.65,9.516,9.732,9.732,9.712,10.01,9.81,9.52,9.52,-0.001,-0.0,-0.004,0.0,-0.03,-121.7540304,36.5848019,1571.4
-1.8,0.7,0.0,-0.04,-0.09,0.08,-0.35,-0.15,0.11,0.63,0.66,9.545,9.751,9.722,9.712,10.01,9.71,9.81,9.62,-0.001,-0.0,-0.004,0.0,-0.04,-121.7540304,36.5848019,1571.45
-1.8,0.7,0.0,-0.05,-0.12,0.13,-0.08,-0.06,-0.04,0.63,0.66,9.535,9.732,9.741,9.712,10.1,9.61,9.81,9.52,-0.001,-0.0,-0.004,0.0,-0.04,-121.7540304,36.5848019,1571.5
-1.8,0.7,0.0,-0.05,-0.11,0.08,-0.16,0.03,-0.18,0.63,0.66,9.555,9.741,9.712,9.712,10.3,10.01,9.61,9.56,-0.001,-0.0,-0.004,0.0,-0.04,-121.7540304,36.5848019,1571.55
-1.8,0.7,0.0,-0.05,-0.12,0.12,0.04,-0.26,0.0,0.64,0.66,9.526,9.741,9.741,9.614,10.2,9.91,9.61,9.68,-0.001,-0.0,-0.004,0.0,-0.04,-121.7540304,36.5848019,1571.6
-1.8,0.7,0.0,-0.05,-0.11,0.1,-0.1,0.0,-0.05,0.63,0.66,9.535,9.732,9.741,9.712,10.1,9.81,9.81,9.84,-0.001,-0.0,-0.004,0.0,-0.04,-121.7540304,36.5848019,1571.65
-1.8,0.7,0.0,-0.05,-0.1,0.1,-0.12,0.05,-0.05,0.63,0.66,9.545,9.761,9.702,9.712,10.2,9.71,9.91,9.55,-0.001,-0.0,-0.004,0.0,-0.04,-121.7540304,36.5848018,1571.7
-1.8,0.7,0.0,-0.05,-0.12,0.1,0.19,0.27,0.16,0.63,0.66,9.526,9.712,9.712,9.712,10.3,9.71,9.61,9.45,-0.001,-0.0,-0.004,0.0,-0.04,-121.7540304,36.5848019,1571.75
-1.8,0.7,0.0,-0.05,-0.1,0.1,0.14,0.36,-0.05,0.65,0.67,9.535,9.741,9.702,9.712,9.91,9.71,9.91,9.8,-0.001,-0.0,-0.004,0.0,-0.04,-121.7540304,36.5848019,1571.8
-1.8,0.7,0.0,-0.05,-0.1,0.09,-0.22,0.12,0.17,0.63,0.66,9.545,9.692,9.712,9.712,10.3,9.71,9.61,9.84,-0.001,-0.0,-0.004,0.0,-0.04,-121.7540304,36.5848019,1571.85
-1.8,0.7,0.0,-0.06,-0.11,0.08,0.11,0.33,-0.08,0.62,0.66,9.545,9.712,9.712,9.712,10.3,9.81,9.91,9.55,-0.001,-0.0,-0.004,0.0,-0.04,-121.7540304,36.5848019,1571.9
-1.8,0.7,0.0,-0.06,-0.12,0.11,-0.03,0.0,0.13,0.6,0.66,9.535,9.732,9.722,9.712,10.2,9.81,9.81,9.81,-0.001,-0.0,-0.004,0.0,-0.04,-121.7540304,36.5848019,1571.95
-1.8,0.7,0.0,-0.06,-0.12,0.1,0.07,0.07,-0.07,0.63,0.66,9.535,9.722,9.732,9.712,10.1,9.81,9.61,9.63,-0.001,-0.0,-0.004,0.0,-0.04,-121.7540304,36.5848019,1572.0
-1.8,0.7,0.0,-0.06,-0.11,0.08,0.05,-0.11,0.1,0.63,0.66,9.535,9.771,9.712,9.712,10.3,9.91,9.71,9.51,-0.001,-0.0,-0.004,0.0,-0.05,-121.7540304,36.5848019,1572.05
-1.8,0.7,0.0,-0.06,-0.12,0.12,0.01,0.03,0.11,0.62,0.66,9.535,9.732,9.732,9.614,10.2,9.81,10.1,9.58,-0.001,-0.0,-0.004,0.0,-0.05,-121.7540304,36.5848019,1572.1
-1.8,0.7,0.0,-0.06,-0.11,0.09,-0.04,-0.37,-0.14,0.63,0.66,9.535,9.712,9.702,9.712,10.2,9.42,9.91,9.64,-0.001,-0.0,-0.004,0.0,-0.05,-121.7540304,36.5848019,1572.15
-1.8,0.7,0.0,0.0,-0.1,0.1,-0.06,-0.12,0.28,0.63,0.66,9.545,9.732,9.702,9.712,10.1,9.81,9.61,9.61,-0.001,-0.0,-0.004,0.0,-0.0,-121.7540304,36.5848019,1572.2
-1.8,0.7,0.0,-0.0,-0.11,0.09,0.25,0.03,0.01,0.65,0.65,9.535,9.692,9.732,9.712,10.1,9.61,9.71,9.65,-0.001,-0.0,-0.004,0.0,0.0,-121.7540304,36.5848019,1572.25
-1.8,0.7,0.0,0.0,-0.11,0.1,-0.05,0.18,0.08,0.64,0.66,9.555,9.722,9.722,9.712,10.5,9.52,9.71,9.31,-0.001,-0.0,-0.004,0.0,0.0,-121.7540304,36.5848019,1572.3
-1.8,0.7,0.0,0.0,-0.09,0.08,0.11,0.04,0.11,0.65,0.67,9.506,9.722,9.732,9.712,10.1,9.61,9.91,9.63,-0.001,-0.0,-0.004,0.0,0.0,-121.7540304,36.5848019,1572.35
-1.8,0.8,0.0,0.0,-0.14,0.12,0.06,0.08,0.28,0.65,0.66,9.555,9.732,9.732,9.712,10.3,9.52,9.91,9.63,-0.001,-0.0,-0.004,0.0,0.0,-121.7540304,36.5848019,1572.4
-1.8,0.7,0.0,0.0,-0.1,0.07,0.05,0.24,-0.1,0.64,0.66,9.535,9.732,9.751,9.614,10.2,9.71,9.81,9.6,-0.001,-0.0,-0.004,0.0,0.0,-121.7540303,36.5848019,1572.45
-1.8,0.8,0.0,0.0,-0.13,0.13,-0.01,0.23,0.04,0.63,0.65,9.545,9.712,9.702,9.712,10.01,9.71,9.42,9.55,-0.001,-0.0,-0.004,0.0,0.0,-121.7540303,36.5848019,1572.5
-1.8,0.7,0.0,0.0,-0.1,0.09,-0.04,-0.17,-0.01,0.63,0.65,9.535,9.741,9.732,9.712,10.01,9.42,9.61,9.64,-0.001,-0.0,-0.004,0.0,0.0,-121.7540303,36.5848019,1572.55
-1.8,0.7,0.0,0.0,-0.11,0.11,-0.23,-0.08,0.09,0.65,0.66,9.516,9.702,9.702,9.712,10.2,9.71,9.91,9.62,-0.001,-0.0,-0.004,0.0,0.0,-121.7540303,36.5848019,1572.6
-1.8,0.7,0.0,0.0,-0.08,0.09,-0.31,-0.02,0.13,0.64,0.66,9.535,9.732,9.682,9.712,10.2,9.71,9.61,9.73,-0.001,-0.0,-0.004,0.0,0.0,-121.7540303,36.5848019,1572.65
-1.8,0.7,0.0,0.01,-0.1,0.11,-0.15,-0.02,0.03,0.64,0.66,9.526,9.741,9.712,9.712,9.81,9.52,9.81,9.58,-0.001,-0.0,-0.004,0.0,0.0,-121.7540303,36.5848019,1572.7
-1.8,0.7,0.0,0.01,-0.11,0.1,0.06,-0.14,0.22,0.64,0.66,9.565,9.722,9.732,9.712,10.01,9.71,9.71,9.48,-0.001,-0.0,-0.004,0.0,0.01,-121.7540303,36.5848019,1572.75
-1.8,0.7,0.0,0.01,-0.12,0.1,-0.14,-0.02,-0.16,0.64,0.66,9.516,9.741,9.741,9.712,10.3,9.71,9.61,9.7,-0.001,-0.0,-0.004,0.0,0.01,-121.7540303,36.5848019,1572.8
-1.8,0.7,0.0,0.01,-0.11,0.1,-0.1,0.2,-0.13,0.64,0.66,9.535,9.751,9.732,9.712,10.01,9.61,9.61,9.55,-0.001,-0.0,-0.004,0.0,0.01,-121.7540303,36.5848019,1572.85
-1.8,0.7,0.0,0.01,-0.11,0.1,-0.09,0.02,-0.29,0.64,0.67,9.516,9.732,9.712,9.712,10.1,9.52,9.81,9.74,-0.001,-0.0,-0.004,0.0,0.01,-121.7540303,36.5848019,1572.9
-1.8,0.7,0.0,0.01,-0.11,0.1,-0.04,-0.05,0.34,0.64,0.67,9.545,9.741,9.712,9.712,10.2,9.81,9.91,9.62,-0.001,-0.0,-0.004,0.0,0.01,-121.7540303,36.5848019,1572.95
-1.8,0.7,0.0,0.01,-0.12,0.11,0.03,0.15,-0.03,0.64,0.67,9.535,9.722,9.712,9.712,10.1,10.1,9.91,9.8,-0.001,-0.0,-0.004,0.0,0.01,-121.7540303,36.5848019,1573.0
-1.8,0.7,0.0,0.01,-0.11,0.08,-0.13,0.21,-0.19,0.64,0.66,9.535,9.722,9.702,9.712,10.2,9.42,9.81,9.64,-0.001,-0.0,-0.004,0.0,0.01,-121.7540303,36.5848019,1573.05
-1.8,0.7,0.0,0.01,-0.12,0.1,0.28,-0.21,-0.1,0.64,0.67,9.545,9.732,9.751,9.712,10.2,9.61,9.52,9.51,-0.001,-0.0,-0.004,0.0,0.01,-121.7540303,36.5848019,1573.1
-1.8,0.8,0.0,0.01,-0.11,0.09,0.37,0.08,-0.08,0.64,0.66,9.516,9.732,9.751,9.712,10.3,9.71,9.61,9.47,-0.001,-0.0,-0.004,0.0,0.01,-121.7540303,36.5848019,1573.15
-1.8,0.7,0.0,0.01,-0.12,0.12,-0.01,0.27,0.51,0.65,0.66,9.516,9.722,9.751,9.712,10.01,9.71,9.91,9.69,-0.001,-0.0,-0.004,0.0,0.01,-121.7540303,36.584802,1573.2
-1.8,0.8,0.0,0.01,-0.1,0.1,-0.23,-0.3,0.33,0.64,0.67,9.535,9.732,9.732,9.712,10.01,9.61,9.42,10.01,-0.001,-0.0,-0.004,0.0,0.01,-121.7540303,36.584802,1573.25
-1.8,0.7,0.0,0.01,-0.11,0.1,-0.0,-0.13,0.02,0.66,0.65,9.555,9.732,9.712,9.712,10.3,9.81,9.71,9.47,-0.001,-0.0,-0.004,0.0,0.01,-121.7540303,36.584802,1573.3
-1.8,0.7,0.0,0.01,-0.11,0.11,-0.22,-0.05,-0.19,0.69,0.64,9.535,9.732,9.722,9.712,9.91,9.71,9.71,9.85,-0.001,-0.0,-0.004,0.0,0.01,-121.7540303,36.584802,1573.35
-1.8,0.7,0.0,0.01,-0.11,0.08,0.16,0.01,-0.02,0.71,0.63,9.545,9.732,9.712,9.614,10.2,9.81,9.81,9.67,-0.001,-0.0,-0.004,0.0,0.01,-121.7540303,36.584802,1573.4
-1.8,0.7,0.0,0.01,-0.12,0.11,0.31,0.0,0.38,0.64,0.67,9.545,9.722,9.712,9.712,10.1,9.61,9.81,9.55,-0.001,-0.0,-0.004,0.0,0.01,-121.7540303,36.584802,1573.45
-1.8,0.8,0.0,0.01,-0.1,0.1,-0.33,0.18,-0.26,0.64,0.65,9.526,9.741,9.741,9.712,10.4,9.81,9.61,9.66,-0.001,-0.0,-0.004,0.0,0.01,-121.7540303,36.584802,1573.5
-1.8,0.7,0.0,0.01,-0.11,0.09,0.2,0.09,-0.04,0.65,0.66,9.545,9.702,9.722,9.712,10.3,9.61,9.61,9.71,-0.001,-0.0,-0.004,0.0,0.02,-121.7540303,36.584802,1573.55
-1.8,0.8,0.0,0.01,-0.11,0.1,0.06,-0.12,0.21,0.64,0.67,9.535,9.712,9.732,9.712,10.2,9.71,9.81,9.78,-0.001,-0.0,-0.004,0.0,0.01,-121.7540303,36.584802,1573.6
-1.8,0.8,0.0,0.01,-0.12,0.1,0.0,-0.22,0.32,0.64,0.67,9.506,9.761,9.771,9.712,10.1,9.71,9.91,9.58,-0.001,-0.0,-0.004,0.0,0.01,-121.7540303,36.584802,1573.65
-1.8,0.8,0.0,0.01,-0.11,0.09,-0.01,-0.12,0.12,0.64,0.67,9.545,9.741,9.722,9.712,10.3,9.81,9.91,9.54,-0.001,-0.0,-0.004,0.0,0.02,-121.7540303,36.584802,1573.7
-1.8,0.8,0.0,0.01,-0.11,0.1,-0.03,0.21,0.07,0.64,0.67,9.594,9.722,9.702,9.712,10.01,9.71,9.61,9.53,-0.001,-0.0,-0.004,0.0,0.02,-121.7540303,36.584802,1573.75
-1.8,0.7,0.0,0.01,-0.12,0.09,0.06,0.17,-0.32,0.64,0.66,9.545,9.722,9.692,9.712,10.4,9.61,9.81,9.52,-0.001,-0.0,-0.004,0.0,0.02,-121.7540303,36.584802,1573.8
-1.8,0.8,0.0,0.02,-0.11,0.1,-0.01,-0.15,0.34,0.64,0.67,9.526,9.741,9.702,9.712,10.2,9.91,9.61,9.55,-0.001,-0.0,-0.004,0.0,0.02,-121.7540303,36.584802,1573.85
-1.8,0.7,0.0,0.02,-0.11,0.09,0.02,0.27,-0.27,0.64,0.66,9.516,9.722,9.732,9.712,10.1,9.71,10.01,9.47,-0.001,-0.0,-0.004,0.0,0.02,-121.7540303,36.584802,1573.9
-1.8,0.8,0.0,0.02,-0.13,0.11,0.18,0.32,-0.29,0.64,0.69,9.545,9.732,9.761,9.712,10.2,9.91,9.61,9.58,-0.001,-0.0,-0.004,0.0,0.02,-121.7540303,36.584802,1573.95
-1.8,0.8,0.0,0.02,-0.09,0.08,-0.1,-0.17,0.07,0.63,0.67,9.526,9.741,9.751,9.712,10.2,9.61,9.42,9.68,-0.001,-0.0,-0.004,0.0,0.02,-121.7540302,36.584802,1574.0
-1.8,0.7,0.0,0.02,-0.13,0.11,0.13,-0.13,-0.09,0.65,0.67,9.565,9.702,9.732,9.712,10.3,9.81,9.71,9.42,-0.001,-0.0,-0.004,0.0,0.02,-121.7540302,36.584802,1574.05
-1.8,0.8,0.0,0.02,-0.11,0.09,-0.12,-0.16,0.07,0.63,0.67,9.526,9.741,9.722,9.712,9.91,9.61,9.81,9.62,-0.001,-0.0,-0.004,0.0,0.02,-121.7540302,36.584802,1574.1
-1.8,0.8,0.0,0.02,-0.13,0.1,-0.01,-0.39,0.18,0.63,0.67,9.545,9.702,9.712,9.712,10.4,9.71,9.81,9.65,-0.001,-0.0,-0.004,0.0,0.02,-121.7540302,36.584802,1574.15
-1.8,0.8,0.0,0.02,-0.1,0.09,-0.08,0.06,0.18,0.61,0.68,9.565,9.741,9.663,9.712,10.01,9.61,9.91,9.52,-0.001,-0.0,-0.004,0.0,0.02,-121.7540302,36.584802,1574.2
-1.8,0.7,0.0,0.02,-0.1,0.1,0.01,-0.03,0.11,0.66,0.68,9.565,9.732,9.682,9.712,9.91,9.91,9.61,9.71,-0.001,-0.0,-0.004,0.0,0.02,-121.7540302,36.584802,1574.25
-1.8,0.8,0.0,0.02,-0.09,0.07,0.1,0.07,0.11,0.68,0.71,9.545,9.771,9.732,9.712,10.01,9.81,9.81,9.77,-0.001,-0.0,-0.004,0.0,0.02,-121.7540302,36.584802,1574.3
-1.8,0.7,0.0,0.02,-0.13,0.11,0.23,0.13,-0.06,0.63,0.67,9.526,9.722,9.712,9.712,10.2,9.61,9.42,9.95,-0.001,-0.0,-0.004,0.0,0.02,-121.7540302,36.5848021,1574.35
-1.8,0.8,0.0,0.02,-0.12,0.1,0.08,-0.1,-0.19,0.62,0.68,9.516,9.712,9.751,9.712,10.2,9.81,9.81,9.5,-0.001,-0.0,-0.004,0.0,0.02,-121.7540302,36.5848021,1574.4
-1.8,0.8,0.0,0.02,-0.13,0.1,-0.0,0.26,-0.22,0.6,0.68,9.526,9.741,9.741,9.712,10.3,9.61,9.91,9.65,-0.001,-0.0,-0.004,0.0,0.02,-121.7540302,36.5848021,1574.45
-1.8,0.7,0.0,0.02,-0.1,0.11,-0.29,0.05,0.07,0.65,0.66,9.555,9.761,9.741,9.712,10.2,9.91,9.61,9.55,-0.001,-0.0,-0.004,0.0,0.02,-121.7540302,36.5848021,1574.5
-1.8,0.8,0.0,0.02,-0.11,0.11,-0.3,0.21,0.02,0.64,0.67,9.555,9.751,9.712,9.712,10.3,9.71,9.81,9.68,-0.001,-0.0,-0.004,0.0,0.02,-121.7540302,36.5848021,1574.55
-1.8,0.8,0.0,0.02,-0.1,0.07,-0.14,-0.13,0.06,0.63,0.67,9.545,9.702,9.702,9.712,10.1,9.52,9.91,9.92,-0.001,-0.0,-0.004,0.0,0.02,-121.7540302,36.5848021,1574.6
-1.8,0.7,0.0,0.02,-0.12,0.11,-0.13,0.0,0.15,0.62,0.68,9.535,9.712,9.702,9.712,9.91,9.52,9.61,9.76,-0.001,-0.0,-0.004,0.0,0.03,-121.7540302,36.5848021,1574.65
-1.8,0.7,0.0,0.02,-0.11,0.1,-0.23,0.04,-0.28,0.62,0.69,9.526,9.761,9.761,9.712,10.1,9.71,9.81,9.55,-0.001,-0.0,-0.004,0.0,0.02,-121.7540302,36.5848021,1574.7
-1.8,0.8,0.0,0.02,-0.11,0.09,0.02,-0.21,-0.16,0.61,0.69,9.526,9.722,9.741,9.712,10.2,10.01,9.52,9.43,-0.001,-0.0,-0.004,0.0,0.03,-121.7540302,36.5848021,1574.75
-1.8,0.8,0.0,0.02,-0.13,0.12,-0.02,-0.0,-0.06,0.6,0.7,9.486,9.732,9.751,9.712,10.1,9.52,9.52,9.57,-0.001,-0.0,-0.004,0.0,0.03,-121.7540302,36.5848021,1574.8
-1.8,0.7,0.0,0.03,-0.12,0.09,0.14,-0.09,-0.02,0.6,0.71,9.545,9.732,9.722,9.614,10.01,9.71,9.61,9.77,-0.001,-0.0,-0.004,0.0,0.03,-121.7540302,36.5848021,1574.85
-1.8,0.8,0.0,0.03,-0.1,0.09,0.04,0.05,0.27,0.59,0.72,9.545,9.722,9.702,9.712,10.3,9.81,9.61,9.7,-0.001,-0.0,-0.004,0.0,0.03,-121.7540302,36.5848021,1574.9
-1.8,0.8,0.0,0.03,-0.12,0.11,0.14,-0.0,-0.13,0.58,0.72,9.545,9.722,9.722,9.712,10.1,9.61,9.81,9.48,-0.001,-0.0,-0.004,0.0,0.03,-121.7540302,36.5848021,1574.95
-1.8,0.7,0.0,0.03,-0.12,0.09,0.29,-0.31,0.16,0.58,0.73,9.575,9.722,9.712,9.614,10.3,9.81,9.61,9.71,-0.001,-0.0,-0.004,0.0,0.03,-121.7540302,36.5848021,1575.0
-1.8,0.7,0.0,0.03,-0.12,0.1,0.38,-0.04,-0.16,0.57,0.74,9.535,9.761,9.712,9.614,10.2,9.61,9.61,9.71,-0.001,-0.0,-0.004,0.0,0.03,-121.7540303,36.5848021,1575.05
-1.8,0.8,0.0,0.03,-0.12,0.09,0.04,0.11,-0.3,0.56,0.75,9.545,9.712,9.761,9.712,10.4,9.81,9.91,9.79,-0.001,-0.0,-0.004,0.0,0.03,-121.7540303,36.5848021,1575.1
-1.8,0.8,0.0,0.03,-0.1,0.09,-0.06,0.06,0.17,0.55,0.75,9.516,9.732,9.692,9.712,10.1,10.1,9.81,9.55,-0.001,-0.0,-0.004,0.0,0.03,-121.7540303,36.5848021,1575.15
-1.8,0.8,0.0,0.03,-0.12,0.09,0.37,0.01,-0.07,0.55,0.76,9.535,9.722,9.751,9.712,10.2,9.61,9.52,9.65,-0.001,-0.0,-0.004,0.0,0.03,-121.7540303,36.5848021,1575.2
-1.8,0.7,0.0,0.03,-0.12,0.12,0.04,-0.29,0.01,0.54,0.77,9.545,9.732,9.741,9.712,10.1,9.81,9.91,9.43,-0.001,-0.0,-0.004,0.0,0.03,-121.7540303,36.5848021,1575.25
-1.8,0.7,0.0,0.03,-0.11,0.09,-0.06,-0.14,0.24,0.53,0.78,9.545,9.692,9.722,9.712,10.2,9.61,9.91,9.65,-0.001,-0.0,-0.004,0.0,0.03,-121.7540303,36.5848021,1575.3
-1.8,0.7,0.0,0.03,-0.12,0.12,-0.09,0.17,-0.17,0.53,0.78,9.545,9.732,9.712,9.712,10.01,9.81,9.81,9.44,-0.001,-0.0,-0.004,0.0,0.03,-121.7540303,36.5848021,1575.35
-1.8,0.8,0.0,0.03,-0.1,0.08,0.19,-0.08,-0.35,0.52,0.79,9.555,9.741,9.712,9.712,10.01,9.81,9.81,9.53,-0.001,-0.0,-0.004,0.0,0.03,-121.7540303,36.5848021,1575.4
-1.8,0.8,0.0,0.03,-0.13,0.11,0.15,-0.01,0.2,0.51,0.8,9.555,9.722,9.702,9.712,10.1,9.71,9.71,9.77,-0.001,-0.0,-0.004,0.0,0.03,-121.7540303,36.5848021,1575.45
-1.8,0.8,0.0,0.03,-0.11,0.09,0.33,0.21,0.19,0.51,0.8,9.496,9.722,9.722,9.712,10.1,9.81,9.81,9.78,-0.001,-0.0,-0.004,0.0,0.03,-121.7540303,36.5848021,1575.5
-1.8,0.8,0.0,0.03,-0.12,0.12,-0.28,-0.1,-0.27,0.63,0.66,9.584,9.732,9.712,9.712,10.3,9.71,9.81,9.6,-0.001,-0.0,-0.004,0.0,0.03,-121.7540303,36.5848021,1575.55
-1.8,0.8,0.0,0.03,-0.1,0.08,0.09,0.07,-0.02,0.63,0.68,9.526,9.732,9.732,9.712,10.3,9.71,9.71,9.79,-0.001,-0.0,-0.004,0.0,0.03,-121.7540303,36.5848021,1575.6
-1.8,0.8,0.0,0.03,-0.1,0.11,-0.24,-0.01,0.19,0.64,0.67,9.535,9.712,9.751,9.712,10.01,9.81,9.61,10.01,-0.001,-0.0,-0.004,0.0,0.03,-121.7540303,36.5848021,1575.65
-1.8,0.8,0.0,0.03,-0.12,0.1,-0.06,-0.19,-0.25,0.63,0.67,9.535,9.732,9.751,9.712,10.3,9.81,9.91,9.71,-0.001,-0.0,-0.004,0.0,0.04,-121.7540303,36.5848021,1575.7
-1.8,0.8,0.0,0.03,-0.13,0.09,-0.04,0.08,-0.1,0.64,0.69,9.516,9.722,9.712,9.712,10.01,9.91,9.71,9.73,-0.001,-0.0,-0.004,0.0,0.04,-121.7540303,36.5848021,1575.75
-1.8,0.7,0.0,0.03,-0.12,0.11,0.14,-0.12,-0.34,0.63,0.66,9.545,9.712,9.741,9.712,10.3,9.61,10.01,9.72,-0.001,-0.0,-0.004,0.0,0.04,-121.7540303,36.5848021,1575.8
-1.8,0.7,0.0,0.03,-0.07,0.1,0.01,-0.12,0.5,0.63,0.67,9.565,9.741,9.712,9.712,10.1,9.71,9.61,9.63,-0.001,-0.0,-0.004,0.0,0.04,-121.7540303,36.5848021,1575.85
-1.9,0.8,0.0,0.03,-0.12,0.09,-0.19,0.07,-0.17,0.63,0.68,9.516,9.722,9.692,9.712,10.4,9.71,9.71,9.54,-0.001,-0.0,-0.004,0.0,0.04,-121.7540303,36.5848021,1575.9
-1.8,0.8,0.0,0.03,-0.12,0.1,0.04,-0.0,-0.16,0.63,0.66,9.535,9.712,9.682,9.712,10.3,9.61,9.91,9.62,-0.001,-0.0,-0.004,0.0,0.04,-121.7540303,36.5848021,1575.95
-1.8,0.8,0.0,0.04,-0.09,0.09,-0.22,-0.14,-0.02,0.63,0.67,9.526,9.722,9.722,9.614,10.2,9.91,9.81,9.51,-0.001,-0.0,-0.004,0.0,0.04,-121.7540303,36.5848021,1576.0
-1.8,0.8,0.0,0.04,-0.12,0.12,-0.22,-0.19,-0.02,0.63,0.67,9.516,9.751,9.741,9.712,10.2,9.61,9.71,9.62,-0.001,-0.0,-0.004,0.0,0.04,-121.7540303,36.5848021,1576.05
-1.8,0.8,0.0,0.04,-0.11,0.09,0.04,-0.01,-0.15,0.63,0.66,9.516,9.732,9.771,9.712,10.2,9.81,9.71,9.45,-0.001,-0.0,-0.004,0.0,0.04,-121.7540303,36.5848021,1576.1
-1.8,0.8,0.0,0.04,-0.12,0.13,-0.18,-0.27,-0.38,0.63,0.65,9.526,9.722,9.732,9.712,10.01,9.71,10.01,9.61,-0.001,-0.0,-0.004,0.0,0.04,-121.7540303,36.5848021,1576.15
-1.8,0.7,0.0,0.04,-0.11,0.1,-0.33,0.18,-0.31,0.63,0.65,9.555,9.712,9.751,9.712,10.59,9.71,9.61,9.46,-0.001,-0.0,-0.004,0.0,0.04,-121.7540303,36.5848021,1576.2
-1.8,0.7,0.0,0.04,-0.14,0.12,0.04,-0.26,-0.31,0.63,0.64,9.526,9.712,9.722,9.614,10.3,9.52,9.81,9.68,-0.001,-0.0,-0.004,0.0,0.04,-121.7540303,36.5848021,1576.25
-1.8,0.8,0.0,0.04,-0.12,0.11,-0.48,0.23,0.02,0.63,0.64,9.526,9.702,9.702,9.712,10.1,9.81,9.91,9.87,-0.001,-0.0,-0.004,0.0,0.04,-121.7540303,36.5848021,1576.3
-1.8,0.8,0.0,0.04,-0.12,0.09,0.5,-0.06,0.09,0.63,0.63,9.535,9.712,9.702,9.712,10.1,9.81,9.52,9.74,-0.001,-0.0,-0.004,0.0,0.04,-121.7540303,36.5848021,1576.35
-1.8,0.8,0.0,0.04,-0.12,0.11,0.23,-0.09,0.25,0.63,0.63,9.516,9.751,9.712,9.712,10.1,9.61,9.91,9.41,-0.001,-0.0,-0.004,0.0,0.04,-121.7540303,36.5848021,1576.4
-1.8,0.7,0.0,0.04,-0.1,0.1,-0.1,-0.17,0.0,0.63,0.62,9.535,9.732,9.712,9.712,10.3,9.81,9.81,9.87,-0.001,-0.0,-0.004,0.0,0.04,-121.7540303,36.5848021,1576.45
-1.8,0.8,0.0,0.04,-0.1,0.09,-0.11,0.07,-0.08,0.62,0.62,9.535,9.722,9.692,9.712,10.2,9.71,9.61,9.55,-0.001,-0.0,-0.004,0.0,0.04,-121.7540303,36.5848021,1576.5
-1.8,0.8,0.0,0.04,-0.1,0.09,-0.13,0.13,0.22,0.62,0.61,9.545,9.702,9.741,9.712,10.3,9.71,9.81,9.75,-0.001,-0.0,-0.004,0.0,0.04,-121.7540303,36.5848021,1576.55
-1.8,0.7,0.0,0.04,-0.12,0.11,-0.09,-0.14,0.04,0.64,0.66,9.535,9.722,9.741,9.712,10.2,9.91,9.81,9.84,-0.001,-0.0,-0.004,0.0,0.04,-121.7540303,36.5848021,1576.6
-1.8,0.8,0.0,0.04,-0.11,0.1,0.02,-0.25,0.05,0.66,0.67,9.555,9.702,9.722,9.614,10.1,9.61,9.91,9.5,-0.001,-0.0,-0.004,0.0,0.05,-121.7540303,36.5848021,1576.65
-1.8,0.8,0.0,0.04,-0.12,0.1,0.41,0.01,-0.07,0.68,0.68,9.526,9.722,9.741,9.712,10.1,9.91,10.01,9.55,-0.001,-0.0,-0.004,0.0,0.05,-121.7540303,36.5848021,1576.7
-1.9,0.8,0.0,0.04,-0.12,0.1,0.25,0.03,-0.14,0.69,0.69,9.535,9.732,9.722,9.712,10.01,9.61,9.91,9.62,-0.001,-0.0,-0.004,0.0,0.05,-121.7540303,36.5848021,1576.75
-1.8,0.8,0.0,0.04,-0.1,0.09,-0.04,0.16,-0.12,0.63,0.66,9.535,9.722,9.741,9.712,10.3,9.91,9.91,9.58,-0.001,-0.0,-0.004,0.0,0.05,-121.7540303,36.5848021,1576.8
-1.8,0.8,0.0,0.04,-0.12,0.12,-0.19,0.12,0.11,0.64,0.65,9.555,9.712,9.702,9.712,10.1,9.61,9.81,9.55,-0.001,-0.0,-0.004,0.0,0.05,-121.7540303,36.5848021,1576.85
-1.8,0.8,0.0,0.04,-0.1,0.09,0.11,-0.17,0.31,0.62,0.66,9.555,9.722,9.702,9.712,10.2,9.81,9.91,9.56,-0.001,-0.0,-0.004,0.0,0.05,-121.7540304,36.5848021,1576.9
-1.8,0.8,0.0,0.05,-0.1,0.11,-0.18,0.06,0.12,0.63,0.66,9.535,9.741,9.712,9.712,10.01,9.71,9.71,9.64,-0.001,-0.0,-0.004,0.0,0.05,-121.7540304,36.5848021,1576.95
-1.8,0.7,0.0,0.05,-0.1,0.1,-0.12,0.03,0.22,0.64,0.66,9.526,9.712,9.722,9.712,10.1,9.91,9.81,9.53,-0.001,-0.0,-0.004,0.0,0.05,-121.7540304,36.5848021,1577.0
-1.8,0.8,0.0,0.05,-0.13,0.1,-0.05,-0.2,-0.17,0.64,0.66,9.535,9.732,9.741,9.712,10.2,9.52,9.42,9.78,-0.001,-0.0,-0.004,0.0,0.05,-121.7540304,36.5848021,1577.05
-1.8,0.8,0.0,0.05,-0.11,0.1,0.13,0.02,0.21,0.64,0.66,9.545,9.722,9.722,9.712,9.91,9.61,9.61,9.62,-0.001,-0.0,-0.004,0.0,0.05,-121.7540304,36.5848021,1577.1
-1.8,0.8,0.0,0.05,-0.12,0.11,-0.04,0.21,-0.21,0.65,0.65,9.535,9.732,9.741,9.712,10.2,9.81,9.61,9.68,-0.001,-0.0,-0.004,0.0,0.05,-121.7540304,36.5848021,1577.15
-1.8,0.7,0.0,0.05,-0.09,0.09,-0.03,0.11,0.26,0.67,0.64,9.535,9.732,9.712,9.712,10.1,9.91,9.71,9.47,-0.001,-0.0,-0.004,0.0,0.05,-121.7540304,36.5848021,1577.2
-1.8,0.8,0.0,0.05,-0.11,0.1,-0.22,-0.1,-0.18,0.62,0.66,9.565,9.732,9.692,9.712,10.2,9.52,9.61,9.7,-0.001,-0.0,-0.004,0.0,0.05,-121.7540304,36.5848021,1577.25
-1.8,0.8,0.0,0.05,-0.12,0.09,0.23,-0.08,-0.03,0.64,0.66,9.555,9.712,9.692,9.712,10.2,9.81,9.91,9.68,-0.001,-0.0,-0.004,0.0,0.05,-121.7540304,36.5848021,1577.3
-1.8,0.8,0.0,0.05,-0.11,0.09,0.21,0.22,-0.02,0.66,0.65,9.516,9.732,9.741,9.712,10.1,9.71,9.91,9.75,-0.001,-0.0,-0.004,0.0,0.05,-121.7540304,36.5848021,1577.35
-1.8,0.8,0.0,0.05,-0.12,0.11,0.01,-0.27,-0.16,0.67,0.64,9.516,9.722,9.732,9.712,10.01,9.81,9.81,9.64,-0.001,-0.0,-0.004,0.0,0.05,-121.7540304,36.5848021,1577.4
-1.8,0.8,0.0,0.05,-0.1,0.11,-0.12,-0.27,0.09,0.64,0.67,9.526,9.732,9.702,9.712,10.4,9.61,9.91,9.69,-0.001,-0.0,-0.004,0.0,0.05,-121.7540304,36.5848021,1577.45
-1.8,0.8,0.0,0.05,-0.1,0.1,-0.09,0.23,0.05,0.64,0.66,9.526,9.741,9.741,9.712,10.2,9.91,9.71,9.77,-0.001,-0.0,-0.004,0.0,0.05,-121.7540304,36.5848021,1577.5
-1.8,0.7,0.0,0.05,-0.12,0.1,0.03,-0.38,0.0,0.66,0.66,9.506,9.722,9.732,9.712,10.2,9.81,9.81,9.74,-0.001,-0.0,-0.004,0.0,0.05,-121.7540304,36.5848021,1577.55
-1.8,0.8,0.0,0.05,-0.11,0.1,-0.02,-0.18,0.01,0.67,0.67,9.516,9.722,9.702,9.712,10.01,9.71,10.1,9.66,-0.001,-0.0,-0.004,0.0,0.05,-121.7540304,36.5848021,1577.6
-1.8,0.8,0.0,0.05,-0.12,0.09,0.06,0.01,0.08,0.69,0.67,9.526,9.751,9.702,9.712,10.3,9.61,9.61,9.65,-0.001,-0.0,-0.004,0.0,0.05,-121.7540304,36.584802,1577.65
-1.8,0.8,0.0,0.05,-0.12,0.11,-0.12,0.06,-0.11,0.7,0.67,9.555,9.741,9.702,9.614,10.2,9.71,9.81,9.65,-0.001,-0.0,-0.004,0.0,0.05,-121.7540304,36.584802,1577.7
-1.8,0.8,0.0,0.05,-0.1,0.07,0.29,0.12,0.07,0.71,0.67,9.555,9.732,9.692,9.712,10.3,9.81,9.52,9.55,-0.001,-0.0,-0.004,0.0,0.06,-121.7540304,36.584802,1577.75
-1.8,0.7,0.0,0.05,-0.12,0.12,0.19,-0.38,0.21,0.73,0.67,9.545,9.722,9.702,9.712,10.2,9.61,9.71,9.67,-0.001,-0.0,-0.004,0.0,0.05,-121.7540304,36.584802,1577.8
-1.8,0.8,0.0,0.05,-0.11,0.09,0.16,0.12,-0.11,0.74,0.68,9.526,9.732,9.702,9.712,10.4,9.71,9.81,9.89,-0.001,-0.0,-0.004,0.0,0.06,-121.7540304,36.584802,1577.85
-1.8,0.7,0.0,0.05,-0.11,0.1,0.02,-0.02,0.14,0.76,0.68,9.516,9.712,9.712,9.712,10.1,9.91,9.81,9.74,-0.001,-0.0,-0.004,0.0,0.06,-121.7540304,36.584802,1577.9
-1.8,0.7,0.0,0.05,-0.12,0.09,0.23,0.02,-0.14,0.77,0.68,9.535,9.732,9.751,9.712,10.1,9.71,9.71,9.45,-0.001,-0.0,-0.004,0.0,0.06,-121.7540304,36.584802,1577.95
